
SET @staff1 = '3cc39d83-60be-11f1-9aa4-bafb061cf531';
SET @staff2 = '3cc3a1b1-60be-11f1-9aa4-bafb061cf531';

INSERT IGNORE INTO account (account_id, password, role, username) VALUES 
(@staff1, '$2a$10$riOsq0JyAqDzFCXShMPvxeqILBKQnYdZik/ZYpeeEEodkyCMkf6Pq', 'STAFF', 'bot_staff1'),
(@staff2, '$2a$10$riOsq0JyAqDzFCXShMPvxeqILBKQnYdZik/ZYpeeEEodkyCMkf6Pq', 'STAFF', 'bot_staff2');

INSERT IGNORE INTO staff (account_id, address, dob, email, gender, identification, is_active, name, phone_number) VALUES
(@staff1, 'Hà Nội', '1995-01-01', 'bot1@test.com', 'MALE', 'BOT109500001', 1, 'Nguyễn Bot 1', '0900000001'),
(@staff2, 'HCM', '1998-05-05', 'bot2@test.com', 'FEMALE', 'BOT109800002', 1, 'Trần Bot 2', '0900000002');

SET @bike_id = '79906c7a-616c-11f1-88dd-f2c2d9aff02e';
SET @moto_id = '7990701d-616c-11f1-88dd-f2c2d9aff02e';
SET @scooter_id = '7990725f-616c-11f1-88dd-f2c2d9aff02e';
INSERT INTO parking_card (card_id) VALUES ('384003060626') ON DUPLICATE KEY UPDATE card_id=card_id;
INSERT INTO parking_record (record_id, entry_time, identifier, license_plate, type, card_id, staff_in, vehicle_type) VALUES ('d85a7028-485e-4b84-bf07-8761497a6cea', '2026-06-06 03:40:38', '37B1-72080', '37B1-72080', 'DAILY', '384003060626', @staff1, @moto_id);
INSERT INTO parking_card (card_id) VALUES ('380606060626') ON DUPLICATE KEY UPDATE card_id=card_id;
INSERT INTO parking_record (record_id, entry_time, identifier, license_plate, type, card_id, staff_in, vehicle_type) VALUES ('0c0d5225-c2e9-4469-9bcc-2d7d3b3ceea5', '2026-06-06 06:06:38', '87E6-41621', '87E6-41621', 'DAILY', '380606060626', @staff1, @moto_id);
INSERT INTO parking_card (card_id) VALUES ('382109060626') ON DUPLICATE KEY UPDATE card_id=card_id;
INSERT INTO parking_record (record_id, entry_time, identifier, license_plate, type, card_id, staff_in, vehicle_type) VALUES ('27dbe9b8-637a-4372-936e-f54a0fb7142e', '2026-06-06 09:21:38', '37F6-39181', '37F6-39181', 'DAILY', '382109060626', @staff2, @scooter_id);
INSERT INTO parking_card (card_id) VALUES ('385006060626') ON DUPLICATE KEY UPDATE card_id=card_id;
INSERT INTO parking_record (record_id, entry_time, identifier, license_plate, type, card_id, staff_in, vehicle_type) VALUES ('3522ef74-a1f8-46b2-9dfb-2b322681cf82', '2026-06-06 06:50:38', '57B3-85649', '57B3-85649', 'DAILY', '385006060626', @staff2, @moto_id);
INSERT INTO parking_card (card_id) VALUES ('385507060626') ON DUPLICATE KEY UPDATE card_id=card_id;
INSERT INTO parking_record (record_id, entry_time, identifier, license_plate, type, card_id, staff_in, vehicle_type) VALUES ('01fe102b-3e89-4a1f-a14b-fe759454635f', '2026-06-06 07:55:38', '19A3-81304', '19A3-81304', 'DAILY', '385507060626', @staff2, @scooter_id);
INSERT INTO parking_card (card_id) VALUES ('380506060626') ON DUPLICATE KEY UPDATE card_id=card_id;
INSERT INTO parking_record (record_id, entry_time, identifier, license_plate, type, card_id, staff_in, vehicle_type) VALUES ('66df3827-5fdd-44ee-82ee-2a492239a2eb', '2026-06-06 06:05:38', '29F4-18338', '29F4-18338', 'DAILY', '380506060626', @staff2, @scooter_id);
INSERT INTO parking_card (card_id) VALUES ('381909060626') ON DUPLICATE KEY UPDATE card_id=card_id;
INSERT INTO parking_record (record_id, entry_time, identifier, license_plate, type, card_id, staff_in, vehicle_type) VALUES ('9c62d245-ba51-49a0-8efe-a514c7862e46', '2026-06-06 09:19:38', 'BIKE-964', 'BIKE-964', 'DAILY', '381909060626', @staff1, @bike_id);
INSERT INTO parking_card (card_id) VALUES ('381604060626') ON DUPLICATE KEY UPDATE card_id=card_id;
INSERT INTO parking_record (record_id, entry_time, identifier, license_plate, type, card_id, staff_in, vehicle_type) VALUES ('6796728d-f01c-474a-9f9a-9a65de17d7c1', '2026-06-06 04:16:38', '21B8-47524', '21B8-47524', 'DAILY', '381604060626', @staff1, @moto_id);
INSERT INTO parking_card (card_id) VALUES ('384703060626') ON DUPLICATE KEY UPDATE card_id=card_id;
INSERT INTO parking_record (record_id, entry_time, identifier, license_plate, type, card_id, staff_in, vehicle_type) VALUES ('c9244d71-4bd2-48b8-9c24-12e4158ef015', '2026-06-06 03:47:38', '67A9-59546', '67A9-59546', 'DAILY', '384703060626', @staff2, @scooter_id);
INSERT INTO parking_card (card_id) VALUES ('383910060626') ON DUPLICATE KEY UPDATE card_id=card_id;
INSERT INTO parking_record (record_id, entry_time, identifier, license_plate, type, card_id, staff_in, vehicle_type) VALUES ('0efd5dd9-e9c5-4833-a8a4-f0ccc396db96', '2026-06-06 10:39:38', '85E6-63712', '85E6-63712', 'DAILY', '383910060626', @staff2, @scooter_id);
INSERT INTO parking_card (card_id) VALUES ('383408060626') ON DUPLICATE KEY UPDATE card_id=card_id;
INSERT INTO parking_record (record_id, entry_time, identifier, license_plate, type, card_id, staff_in, vehicle_type) VALUES ('dab9553a-f5cc-489b-be0b-66660b387429', '2026-06-06 08:34:38', 'BIKE-549', 'BIKE-549', 'DAILY', '383408060626', @staff2, @bike_id);
INSERT INTO parking_card (card_id) VALUES ('381707060626') ON DUPLICATE KEY UPDATE card_id=card_id;
INSERT INTO parking_record (record_id, entry_time, identifier, license_plate, type, card_id, staff_in, vehicle_type) VALUES ('df79900d-ef58-44aa-8858-8c0bcae329bc', '2026-06-06 07:17:38', 'BIKE-666', 'BIKE-666', 'DAILY', '381707060626', @staff2, @bike_id);
INSERT INTO parking_card (card_id) VALUES ('382306060626') ON DUPLICATE KEY UPDATE card_id=card_id;
INSERT INTO parking_record (record_id, entry_time, identifier, license_plate, type, card_id, staff_in, vehicle_type) VALUES ('6ee2e285-eb2b-4df4-ab0b-ea32dbe82a39', '2026-06-06 06:23:38', '39D7-15149', '39D7-15149', 'DAILY', '382306060626', @staff1, @scooter_id);
INSERT INTO parking_card (card_id) VALUES ('380108060626') ON DUPLICATE KEY UPDATE card_id=card_id;
INSERT INTO parking_record (record_id, entry_time, identifier, license_plate, type, card_id, staff_in, vehicle_type) VALUES ('3a29c2bb-25cb-4e54-8099-3883a6c32a3f', '2026-06-06 08:01:38', '38C5-93889', '38C5-93889', 'DAILY', '380108060626', @staff1, @scooter_id);
INSERT INTO parking_card (card_id) VALUES ('384705060626') ON DUPLICATE KEY UPDATE card_id=card_id;
INSERT INTO parking_record (record_id, entry_time, identifier, license_plate, type, card_id, staff_in, vehicle_type) VALUES ('43f4aae9-fe79-43c2-9dba-484364883b38', '2026-06-06 05:47:38', 'BIKE-754', 'BIKE-754', 'DAILY', '384705060626', @staff1, @bike_id);
INSERT INTO parking_card (card_id) VALUES ('382707060626') ON DUPLICATE KEY UPDATE card_id=card_id;
INSERT INTO parking_record (record_id, entry_time, identifier, license_plate, type, card_id, staff_in, vehicle_type) VALUES ('6dd30606-422b-4b90-95c0-afed8ec282f4', '2026-06-06 07:27:38', 'BIKE-151', 'BIKE-151', 'DAILY', '382707060626', @staff1, @bike_id);
INSERT INTO parking_card (card_id) VALUES ('382009060626') ON DUPLICATE KEY UPDATE card_id=card_id;
INSERT INTO parking_record (record_id, entry_time, identifier, license_plate, type, card_id, staff_in, vehicle_type) VALUES ('15169b74-f2e4-4920-ba21-d2fd94280dc3', '2026-06-06 09:20:38', '81B1-26600', '81B1-26600', 'DAILY', '382009060626', @staff1, @scooter_id);
INSERT INTO parking_card (card_id) VALUES ('385405060626') ON DUPLICATE KEY UPDATE card_id=card_id;
INSERT INTO parking_record (record_id, entry_time, identifier, license_plate, type, card_id, staff_in, vehicle_type) VALUES ('cc544080-d00b-43f0-9a50-39717df6678a', '2026-06-06 05:54:38', '70C5-13775', '70C5-13775', 'DAILY', '385405060626', @staff1, @moto_id);
INSERT INTO parking_card (card_id) VALUES ('382710060626') ON DUPLICATE KEY UPDATE card_id=card_id;
INSERT INTO parking_record (record_id, entry_time, identifier, license_plate, type, card_id, staff_in, vehicle_type) VALUES ('942174fc-25dd-490b-94ba-ff3cb698919f', '2026-06-06 10:27:38', '38E9-50527', '38E9-50527', 'DAILY', '382710060626', @staff1, @moto_id);
INSERT INTO parking_card (card_id) VALUES ('380806060626') ON DUPLICATE KEY UPDATE card_id=card_id;
INSERT INTO parking_record (record_id, entry_time, identifier, license_plate, type, card_id, staff_in, vehicle_type) VALUES ('24976a25-b388-4f39-9989-17ecf15af67f', '2026-06-06 06:08:38', '16C8-47020', '16C8-47020', 'DAILY', '380806060626', @staff1, @moto_id);
INSERT INTO parking_card (card_id) VALUES ('385305060626') ON DUPLICATE KEY UPDATE card_id=card_id;
INSERT INTO parking_record (record_id, entry_time, identifier, license_plate, type, card_id, staff_in, vehicle_type) VALUES ('3b7501a6-a084-4de5-a4fe-094ccaae8b1c', '2026-06-06 05:53:38', '74D6-14745', '74D6-14745', 'DAILY', '385305060626', @staff1, @moto_id);
INSERT INTO parking_card (card_id) VALUES ('381512060626') ON DUPLICATE KEY UPDATE card_id=card_id;
INSERT INTO parking_record (record_id, entry_time, identifier, license_plate, type, card_id, staff_in, vehicle_type) VALUES ('0b78c93a-8123-445d-91a1-56cbf6dbec3b', '2026-06-06 12:15:38', 'BIKE-203', 'BIKE-203', 'DAILY', '381512060626', @staff2, @bike_id);
INSERT INTO parking_card (card_id) VALUES ('384712060626') ON DUPLICATE KEY UPDATE card_id=card_id;
INSERT INTO parking_record (record_id, entry_time, identifier, license_plate, type, card_id, staff_in, vehicle_type) VALUES ('4af18e78-f697-47f4-a36e-77389e11dbe4', '2026-06-06 12:47:38', '29E2-78568', '29E2-78568', 'DAILY', '384712060626', @staff2, @moto_id);
INSERT INTO parking_card (card_id) VALUES ('383807060626') ON DUPLICATE KEY UPDATE card_id=card_id;
INSERT INTO parking_record (record_id, entry_time, identifier, license_plate, type, card_id, staff_in, vehicle_type) VALUES ('551dfb9d-8986-4a5b-968c-c17d099526a2', '2026-06-06 07:38:38', '42F2-61465', '42F2-61465', 'DAILY', '383807060626', @staff1, @scooter_id);
INSERT INTO parking_card (card_id) VALUES ('384211060626') ON DUPLICATE KEY UPDATE card_id=card_id;
INSERT INTO parking_record (record_id, entry_time, identifier, license_plate, type, card_id, staff_in, vehicle_type) VALUES ('f7cae459-90ef-4980-b5ee-7bd0ea24162a', '2026-06-06 11:42:38', '63F9-81594', '63F9-81594', 'DAILY', '384211060626', @staff2, @scooter_id);
INSERT INTO parking_card (card_id) VALUES ('382410060626') ON DUPLICATE KEY UPDATE card_id=card_id;
INSERT INTO parking_record (record_id, entry_time, identifier, license_plate, type, card_id, staff_in, vehicle_type) VALUES ('b41525a9-731d-4e04-a242-f3bc6998ce09', '2026-06-06 10:24:38', 'BIKE-625', 'BIKE-625', 'DAILY', '382410060626', @staff2, @bike_id);
INSERT INTO parking_card (card_id) VALUES ('380007060626') ON DUPLICATE KEY UPDATE card_id=card_id;
INSERT INTO parking_record (record_id, entry_time, identifier, license_plate, type, card_id, staff_in, vehicle_type) VALUES ('6e52d5da-0e55-49ac-9d56-9b726682277c', '2026-06-06 07:00:38', '69D3-94112', '69D3-94112', 'DAILY', '380007060626', @staff1, @moto_id);
INSERT INTO parking_card (card_id) VALUES ('382404060626') ON DUPLICATE KEY UPDATE card_id=card_id;
INSERT INTO parking_record (record_id, entry_time, identifier, license_plate, type, card_id, staff_in, vehicle_type) VALUES ('3a3e8dcd-8fe7-46a2-919f-9bc1a4e5686a', '2026-06-06 04:24:38', '75D3-36683', '75D3-36683', 'DAILY', '382404060626', @staff1, @scooter_id);
INSERT INTO parking_card (card_id) VALUES ('381110060626') ON DUPLICATE KEY UPDATE card_id=card_id;
INSERT INTO parking_record (record_id, entry_time, identifier, license_plate, type, card_id, staff_in, vehicle_type) VALUES ('dde4225c-76a3-403c-9da9-4b24d66fe34a', '2026-06-06 10:11:38', 'BIKE-948', 'BIKE-948', 'DAILY', '381110060626', @staff2, @bike_id);
INSERT INTO parking_card (card_id) VALUES ('384606060626') ON DUPLICATE KEY UPDATE card_id=card_id;
INSERT INTO parking_record (record_id, entry_time, identifier, license_plate, type, card_id, staff_in, vehicle_type) VALUES ('6ae04c21-35b6-43e0-8481-54ec02f4760a', '2026-06-06 06:46:38', '12C8-71782', '12C8-71782', 'DAILY', '384606060626', @staff2, @moto_id);
INSERT INTO parking_card (card_id) VALUES ('382804060626') ON DUPLICATE KEY UPDATE card_id=card_id;
INSERT INTO parking_record (record_id, entry_time, identifier, license_plate, type, card_id, staff_in, vehicle_type) VALUES ('8af3b9ed-6c75-45cc-9f12-1156a1221724', '2026-06-06 04:28:38', '42B2-99107', '42B2-99107', 'DAILY', '382804060626', @staff2, @moto_id);
INSERT INTO parking_card (card_id) VALUES ('381011060626') ON DUPLICATE KEY UPDATE card_id=card_id;
INSERT INTO parking_record (record_id, entry_time, identifier, license_plate, type, card_id, staff_in, vehicle_type) VALUES ('b8727f7d-5606-4ec7-81f9-b8f3db96a4a9', '2026-06-06 11:10:38', 'BIKE-666', 'BIKE-666', 'DAILY', '381011060626', @staff2, @bike_id);
INSERT INTO parking_card (card_id) VALUES ('384004060626') ON DUPLICATE KEY UPDATE card_id=card_id;
INSERT INTO parking_record (record_id, entry_time, identifier, license_plate, type, card_id, staff_in, vehicle_type) VALUES ('0cae6cbb-8705-4beb-8630-4250d050a88a', '2026-06-06 04:40:38', '35A7-43952', '35A7-43952', 'DAILY', '384004060626', @staff1, @scooter_id);
INSERT INTO parking_card (card_id) VALUES ('385804060626') ON DUPLICATE KEY UPDATE card_id=card_id;
INSERT INTO parking_record (record_id, entry_time, identifier, license_plate, type, card_id, staff_in, vehicle_type) VALUES ('1498dad2-88fd-464d-bf86-7a118e1a8053', '2026-06-06 04:58:38', '55F1-25619', '55F1-25619', 'DAILY', '385804060626', @staff2, @moto_id);
INSERT INTO parking_card (card_id) VALUES ('383805060626') ON DUPLICATE KEY UPDATE card_id=card_id;
INSERT INTO parking_record (record_id, entry_time, identifier, license_plate, type, card_id, staff_in, vehicle_type) VALUES ('2dd3002c-9009-40d4-aeea-bf8babb4617b', '2026-06-06 05:38:38', 'BIKE-315', 'BIKE-315', 'DAILY', '383805060626', @staff2, @bike_id);
INSERT INTO parking_card (card_id) VALUES ('385805060626') ON DUPLICATE KEY UPDATE card_id=card_id;
INSERT INTO parking_record (record_id, entry_time, identifier, license_plate, type, card_id, staff_in, vehicle_type) VALUES ('ca59d832-8dcf-45d0-9fb4-4623dc4484e2', '2026-06-06 05:58:38', 'BIKE-228', 'BIKE-228', 'DAILY', '385805060626', @staff2, @bike_id);
INSERT INTO parking_card (card_id) VALUES ('383604060626') ON DUPLICATE KEY UPDATE card_id=card_id;
INSERT INTO parking_record (record_id, entry_time, identifier, license_plate, type, card_id, staff_in, vehicle_type) VALUES ('ef2d454d-0017-4d47-b3b2-7a197721bde3', '2026-06-06 04:36:38', '73B4-16678', '73B4-16678', 'DAILY', '383604060626', @staff2, @scooter_id);
INSERT INTO parking_card (card_id) VALUES ('381904060626') ON DUPLICATE KEY UPDATE card_id=card_id;
INSERT INTO parking_record (record_id, entry_time, identifier, license_plate, type, card_id, staff_in, vehicle_type) VALUES ('e7772c43-fff6-4611-9b2c-bec30a1d445f', '2026-06-06 04:19:38', '89C8-23091', '89C8-23091', 'DAILY', '381904060626', @staff1, @scooter_id);
INSERT INTO parking_card (card_id) VALUES ('385006060626') ON DUPLICATE KEY UPDATE card_id=card_id;
INSERT INTO parking_record (record_id, entry_time, identifier, license_plate, type, card_id, staff_in, vehicle_type) VALUES ('b299042c-acfc-4796-b8cc-d3bc9ab45219', '2026-06-06 06:50:38', '66C6-70122', '66C6-70122', 'DAILY', '385006060626', @staff1, @scooter_id);
INSERT INTO parking_card (card_id) VALUES ('384006060626') ON DUPLICATE KEY UPDATE card_id=card_id;
INSERT INTO parking_record (record_id, entry_time, identifier, license_plate, type, card_id, staff_in, vehicle_type) VALUES ('0fefa5b5-5f3f-479d-a31f-e6e72d6b9690', '2026-06-06 06:40:38', 'BIKE-300', 'BIKE-300', 'DAILY', '384006060626', @staff2, @bike_id);
INSERT INTO parking_card (card_id) VALUES ('383709060626') ON DUPLICATE KEY UPDATE card_id=card_id;
INSERT INTO parking_record (record_id, entry_time, identifier, license_plate, type, card_id, staff_in, vehicle_type) VALUES ('cb1ded3f-4b75-4e4c-92d3-d3007940ebd5', '2026-06-06 09:37:38', '18C4-36837', '18C4-36837', 'DAILY', '383709060626', @staff2, @moto_id);
INSERT INTO parking_card (card_id) VALUES ('385506060626') ON DUPLICATE KEY UPDATE card_id=card_id;
INSERT INTO parking_record (record_id, entry_time, identifier, license_plate, type, card_id, staff_in, vehicle_type) VALUES ('1d93a83d-ba50-4660-808c-8af9af0d2cf1', '2026-06-06 06:55:38', 'BIKE-784', 'BIKE-784', 'DAILY', '385506060626', @staff2, @bike_id);
INSERT INTO parking_card (card_id) VALUES ('384612060626') ON DUPLICATE KEY UPDATE card_id=card_id;
INSERT INTO parking_record (record_id, entry_time, identifier, license_plate, type, card_id, staff_in, vehicle_type) VALUES ('4b79e69f-d740-46f9-9be5-68224054eba7', '2026-06-06 12:46:38', '79C4-44418', '79C4-44418', 'DAILY', '384612060626', @staff2, @scooter_id);
INSERT INTO parking_card (card_id) VALUES ('385007060626') ON DUPLICATE KEY UPDATE card_id=card_id;
INSERT INTO parking_record (record_id, entry_time, identifier, license_plate, type, card_id, staff_in, vehicle_type) VALUES ('17fddfde-b9c8-43ee-9034-6b49d1301682', '2026-06-06 07:50:38', '54D8-57539', '54D8-57539', 'DAILY', '385007060626', @staff2, @moto_id);
INSERT INTO parking_card (card_id) VALUES ('384803060626') ON DUPLICATE KEY UPDATE card_id=card_id;
INSERT INTO parking_record (record_id, entry_time, identifier, license_plate, type, card_id, staff_in, vehicle_type) VALUES ('0362df62-54a5-43e4-918e-a0d3f37ced30', '2026-06-06 03:48:38', 'BIKE-812', 'BIKE-812', 'DAILY', '384803060626', @staff2, @bike_id);
INSERT INTO parking_card (card_id) VALUES ('384705060626') ON DUPLICATE KEY UPDATE card_id=card_id;
INSERT INTO parking_record (record_id, entry_time, identifier, license_plate, type, card_id, staff_in, vehicle_type) VALUES ('9dfa5ffc-915f-4548-be1b-3ab794b0985c', '2026-06-06 05:47:38', '53B6-33292', '53B6-33292', 'DAILY', '384705060626', @staff2, @moto_id);
INSERT INTO parking_card (card_id) VALUES ('380712060626') ON DUPLICATE KEY UPDATE card_id=card_id;
INSERT INTO parking_record (record_id, entry_time, identifier, license_plate, type, card_id, staff_in, vehicle_type) VALUES ('02057ca8-e3c0-422f-a4bd-833e364b44d8', '2026-06-06 12:07:38', '76F1-49621', '76F1-49621', 'DAILY', '380712060626', @staff2, @scooter_id);
INSERT INTO parking_card (card_id) VALUES ('380205060626') ON DUPLICATE KEY UPDATE card_id=card_id;
INSERT INTO parking_record (record_id, entry_time, identifier, license_plate, type, card_id, staff_in, vehicle_type) VALUES ('964f74e8-3640-4bb1-80ce-440abb30ac5b', '2026-06-06 05:02:38', 'BIKE-397', 'BIKE-397', 'DAILY', '380205060626', @staff1, @bike_id);
INSERT INTO parking_card (card_id) VALUES ('381006060626') ON DUPLICATE KEY UPDATE card_id=card_id;
INSERT INTO parking_record (record_id, entry_time, identifier, license_plate, type, card_id, staff_in, vehicle_type) VALUES ('6126d2cb-509e-489a-9d7e-cc07c7265fb3', '2026-06-06 06:10:38', '30A3-42036', '30A3-42036', 'DAILY', '381006060626', @staff2, @moto_id);
INSERT INTO parking_card (card_id) VALUES ('382703060626') ON DUPLICATE KEY UPDATE card_id=card_id;
INSERT INTO parking_record (record_id, entry_time, identifier, license_plate, type, card_id, staff_in, vehicle_type) VALUES ('16ec6ac9-f2cc-448f-bbbb-836febb4383d', '2026-06-06 03:27:38', 'BIKE-125', 'BIKE-125', 'DAILY', '382703060626', @staff1, @bike_id);
INSERT INTO parking_card (card_id) VALUES ('383409060626') ON DUPLICATE KEY UPDATE card_id=card_id;
INSERT INTO parking_record (record_id, entry_time, identifier, license_plate, type, card_id, staff_in, vehicle_type) VALUES ('b528158c-9550-4daf-bdf4-57b55e403fa6', '2026-06-06 09:34:38', '25B9-43755', '25B9-43755', 'DAILY', '383409060626', @staff2, @scooter_id);
INSERT INTO parking_card (card_id) VALUES ('383410060626') ON DUPLICATE KEY UPDATE card_id=card_id;
INSERT INTO parking_record (record_id, entry_time, identifier, license_plate, type, card_id, staff_in, vehicle_type) VALUES ('602a00ba-fc5c-4821-b623-401056930cba', '2026-06-06 10:34:38', '92E2-55530', '92E2-55530', 'DAILY', '383410060626', @staff2, @moto_id);
INSERT INTO parking_card (card_id) VALUES ('383109060626') ON DUPLICATE KEY UPDATE card_id=card_id;
INSERT INTO parking_record (record_id, entry_time, identifier, license_plate, type, card_id, staff_in, vehicle_type) VALUES ('c4790c71-f0d6-4e22-96b9-5d4a9d046db4', '2026-06-06 09:31:38', '89B9-73260', '89B9-73260', 'DAILY', '383109060626', @staff2, @moto_id);
INSERT INTO parking_card (card_id) VALUES ('385204060626') ON DUPLICATE KEY UPDATE card_id=card_id;
INSERT INTO parking_record (record_id, entry_time, identifier, license_plate, type, card_id, staff_in, vehicle_type) VALUES ('a5702119-293d-4d16-ae8d-f2ab7fc5842f', '2026-06-06 04:52:38', 'BIKE-463', 'BIKE-463', 'DAILY', '385204060626', @staff2, @bike_id);
INSERT INTO parking_card (card_id) VALUES ('383006060626') ON DUPLICATE KEY UPDATE card_id=card_id;
INSERT INTO parking_record (record_id, entry_time, identifier, license_plate, type, card_id, staff_in, vehicle_type) VALUES ('a1ccdf7a-9204-4ad5-82b5-87ce43636934', '2026-06-06 06:30:38', '84D6-21314', '84D6-21314', 'DAILY', '383006060626', @staff2, @scooter_id);
INSERT INTO parking_card (card_id) VALUES ('381206060626') ON DUPLICATE KEY UPDATE card_id=card_id;
INSERT INTO parking_record (record_id, entry_time, identifier, license_plate, type, card_id, staff_in, vehicle_type) VALUES ('31c3b366-41b6-4ba4-9558-74e5163c371c', '2026-06-06 06:12:38', '96E1-96567', '96E1-96567', 'DAILY', '381206060626', @staff1, @scooter_id);
INSERT INTO parking_card (card_id) VALUES ('380103060626') ON DUPLICATE KEY UPDATE card_id=card_id;
INSERT INTO parking_record (record_id, entry_time, identifier, license_plate, type, card_id, staff_in, vehicle_type) VALUES ('7109f30c-5c13-4f6d-af82-1fafc492facd', '2026-06-06 03:01:38', '65A1-36755', '65A1-36755', 'DAILY', '380103060626', @staff1, @scooter_id);
INSERT INTO parking_card (card_id) VALUES ('384009060626') ON DUPLICATE KEY UPDATE card_id=card_id;
INSERT INTO parking_record (record_id, entry_time, identifier, license_plate, type, card_id, staff_in, vehicle_type) VALUES ('7253be42-8039-472b-90f3-b44633d6f467', '2026-06-06 09:40:38', '12B7-89615', '12B7-89615', 'DAILY', '384009060626', @staff1, @moto_id);
INSERT INTO parking_card (card_id) VALUES ('385904060626') ON DUPLICATE KEY UPDATE card_id=card_id;
INSERT INTO parking_record (record_id, entry_time, identifier, license_plate, type, card_id, staff_in, vehicle_type) VALUES ('a97a056c-c3e7-4ccd-865f-cf40611fda0c', '2026-06-06 04:59:38', '89A2-94594', '89A2-94594', 'DAILY', '385904060626', @staff1, @scooter_id);
INSERT INTO parking_card (card_id) VALUES ('385507060626') ON DUPLICATE KEY UPDATE card_id=card_id;
INSERT INTO parking_record (record_id, entry_time, identifier, license_plate, type, card_id, staff_in, vehicle_type) VALUES ('a8d7bbf0-e17e-454e-bdfa-fa8c38ef085c', '2026-06-06 07:55:38', 'BIKE-279', 'BIKE-279', 'DAILY', '385507060626', @staff2, @bike_id);
INSERT INTO parking_card (card_id) VALUES ('380510060626') ON DUPLICATE KEY UPDATE card_id=card_id;
INSERT INTO parking_record (record_id, entry_time, identifier, license_plate, type, card_id, staff_in, vehicle_type) VALUES ('ae24d5f2-cfcb-48d5-b437-9ff659195ef5', '2026-06-06 10:05:38', 'BIKE-368', 'BIKE-368', 'DAILY', '380510060626', @staff1, @bike_id);
INSERT INTO parking_card (card_id) VALUES ('383909060626') ON DUPLICATE KEY UPDATE card_id=card_id;
INSERT INTO parking_record (record_id, entry_time, identifier, license_plate, type, card_id, staff_in, vehicle_type) VALUES ('ac613483-12e6-4058-95bc-f1158c79c132', '2026-06-06 09:39:38', '35C5-66317', '35C5-66317', 'DAILY', '383909060626', @staff1, @scooter_id);
INSERT INTO parking_card (card_id) VALUES ('385803060626') ON DUPLICATE KEY UPDATE card_id=card_id;
INSERT INTO parking_record (record_id, entry_time, identifier, license_plate, type, card_id, staff_in, vehicle_type) VALUES ('3895f971-f5fa-44c1-8209-abc49e0ad2dc', '2026-06-06 03:58:38', '67B1-95183', '67B1-95183', 'DAILY', '385803060626', @staff2, @scooter_id);
INSERT INTO parking_card (card_id) VALUES ('383707060626') ON DUPLICATE KEY UPDATE card_id=card_id;
INSERT INTO parking_record (record_id, entry_time, identifier, license_plate, type, card_id, staff_in, vehicle_type) VALUES ('23b7dad9-b8e7-42d2-b419-d59e06f4ac5e', '2026-06-06 07:37:38', '68A7-57975', '68A7-57975', 'DAILY', '383707060626', @staff2, @moto_id);
INSERT INTO parking_card (card_id) VALUES ('381204060626') ON DUPLICATE KEY UPDATE card_id=card_id;
INSERT INTO parking_record (record_id, entry_time, identifier, license_plate, type, card_id, staff_in, vehicle_type) VALUES ('eb498c89-96db-4b0d-bd0c-94bb6a2ff320', '2026-06-06 04:12:38', '30C4-60457', '30C4-60457', 'DAILY', '381204060626', @staff1, @moto_id);
INSERT INTO parking_card (card_id) VALUES ('383811060626') ON DUPLICATE KEY UPDATE card_id=card_id;
INSERT INTO parking_record (record_id, entry_time, identifier, license_plate, type, card_id, staff_in, vehicle_type) VALUES ('e6559024-40f3-44ab-afca-e5613d9dce73', '2026-06-06 11:38:38', 'BIKE-398', 'BIKE-398', 'DAILY', '383811060626', @staff2, @bike_id);
INSERT INTO parking_card (card_id) VALUES ('380609060626') ON DUPLICATE KEY UPDATE card_id=card_id;
INSERT INTO parking_record (record_id, entry_time, identifier, license_plate, type, card_id, staff_in, vehicle_type) VALUES ('4af138e9-6de3-4510-b1dd-088fe465c61c', '2026-06-06 09:06:38', 'BIKE-406', 'BIKE-406', 'DAILY', '380609060626', @staff1, @bike_id);
INSERT INTO parking_card (card_id) VALUES ('380011060626') ON DUPLICATE KEY UPDATE card_id=card_id;
INSERT INTO parking_record (record_id, entry_time, identifier, license_plate, type, card_id, staff_in, vehicle_type) VALUES ('8818a7d4-731b-49a3-943d-294f1eec7d61', '2026-06-06 11:00:38', 'BIKE-734', 'BIKE-734', 'DAILY', '380011060626', @staff1, @bike_id);
INSERT INTO parking_card (card_id) VALUES ('381206060626') ON DUPLICATE KEY UPDATE card_id=card_id;
INSERT INTO parking_record (record_id, entry_time, identifier, license_plate, type, card_id, staff_in, vehicle_type) VALUES ('d8cec4a0-8db4-4799-8468-249ef1e4c59e', '2026-06-06 06:12:38', 'BIKE-425', 'BIKE-425', 'DAILY', '381206060626', @staff1, @bike_id);
INSERT INTO parking_card (card_id) VALUES ('380203060626') ON DUPLICATE KEY UPDATE card_id=card_id;
INSERT INTO parking_record (record_id, entry_time, identifier, license_plate, type, card_id, staff_in, vehicle_type) VALUES ('9c048314-e9a5-4594-8a7a-5e7c8ea00559', '2026-06-06 03:02:38', '50E7-99954', '50E7-99954', 'DAILY', '380203060626', @staff1, @moto_id);
INSERT INTO parking_card (card_id) VALUES ('380304060626') ON DUPLICATE KEY UPDATE card_id=card_id;
INSERT INTO parking_record (record_id, entry_time, identifier, license_plate, type, card_id, staff_in, vehicle_type) VALUES ('cd7d6f32-18f4-4b3a-9c7e-f6590c59694a', '2026-06-06 04:03:38', 'BIKE-582', 'BIKE-582', 'DAILY', '380304060626', @staff2, @bike_id);
INSERT INTO parking_card (card_id) VALUES ('383505060626') ON DUPLICATE KEY UPDATE card_id=card_id;
INSERT INTO parking_record (record_id, entry_time, identifier, license_plate, type, card_id, staff_in, vehicle_type) VALUES ('a1490629-0d7d-429c-a996-784e207241f3', '2026-06-06 05:35:38', 'BIKE-824', 'BIKE-824', 'DAILY', '383505060626', @staff1, @bike_id);
INSERT INTO parking_card (card_id) VALUES ('381210060626') ON DUPLICATE KEY UPDATE card_id=card_id;
INSERT INTO parking_record (record_id, entry_time, identifier, license_plate, type, card_id, staff_in, vehicle_type) VALUES ('c4628efb-09b4-479b-a1a5-539ec2f3ec53', '2026-06-06 10:12:38', 'BIKE-280', 'BIKE-280', 'DAILY', '381210060626', @staff2, @bike_id);
INSERT INTO parking_card (card_id) VALUES ('384410060626') ON DUPLICATE KEY UPDATE card_id=card_id;
INSERT INTO parking_record (record_id, entry_time, identifier, license_plate, type, card_id, staff_in, vehicle_type) VALUES ('0f8b8aef-404f-410f-a13d-4cb5c55837e5', '2026-06-06 10:44:38', '70B8-34712', '70B8-34712', 'DAILY', '384410060626', @staff2, @scooter_id);
INSERT INTO parking_card (card_id) VALUES ('385205060626') ON DUPLICATE KEY UPDATE card_id=card_id;
INSERT INTO parking_record (record_id, entry_time, identifier, license_plate, type, card_id, staff_in, vehicle_type) VALUES ('c1c20cfa-ab53-45cf-8f94-7c3115cb21d9', '2026-06-06 05:52:38', 'BIKE-967', 'BIKE-967', 'DAILY', '385205060626', @staff2, @bike_id);
INSERT INTO parking_card (card_id) VALUES ('380203060626') ON DUPLICATE KEY UPDATE card_id=card_id;
INSERT INTO parking_record (record_id, entry_time, identifier, license_plate, type, card_id, staff_in, vehicle_type) VALUES ('0a3a7d5d-dfb5-48bb-b53c-944c18659995', '2026-06-06 03:02:38', '32D2-68975', '32D2-68975', 'DAILY', '380203060626', @staff2, @moto_id);
INSERT INTO parking_card (card_id) VALUES ('381503060626') ON DUPLICATE KEY UPDATE card_id=card_id;
INSERT INTO parking_record (record_id, entry_time, identifier, license_plate, type, card_id, staff_in, vehicle_type) VALUES ('9cf7f750-954f-4874-9543-e5b645440db3', '2026-06-06 03:15:38', 'BIKE-932', 'BIKE-932', 'DAILY', '381503060626', @staff1, @bike_id);
INSERT INTO parking_card (card_id) VALUES ('385207060626') ON DUPLICATE KEY UPDATE card_id=card_id;
INSERT INTO parking_record (record_id, entry_time, identifier, license_plate, type, card_id, staff_in, vehicle_type) VALUES ('ed676ade-a9bd-4d02-a822-0403b4061874', '2026-06-06 07:52:38', '82D3-17540', '82D3-17540', 'DAILY', '385207060626', @staff1, @moto_id);
INSERT INTO parking_card (card_id) VALUES ('381107060626') ON DUPLICATE KEY UPDATE card_id=card_id;
INSERT INTO parking_record (record_id, entry_time, identifier, license_plate, type, card_id, staff_in, vehicle_type) VALUES ('da6feee3-ba92-4492-9135-c232def07a9e', '2026-06-06 07:11:38', '39F3-50088', '39F3-50088', 'DAILY', '381107060626', @staff2, @moto_id);
INSERT INTO parking_card (card_id) VALUES ('384709060626') ON DUPLICATE KEY UPDATE card_id=card_id;
INSERT INTO parking_record (record_id, entry_time, identifier, license_plate, type, card_id, staff_in, vehicle_type) VALUES ('d2ebbaa0-2110-4dc3-9534-f221fa10afd4', '2026-06-06 09:47:38', '11C1-85808', '11C1-85808', 'DAILY', '384709060626', @staff2, @scooter_id);
INSERT INTO parking_card (card_id) VALUES ('380205060626') ON DUPLICATE KEY UPDATE card_id=card_id;
INSERT INTO parking_record (record_id, entry_time, identifier, license_plate, type, card_id, staff_in, vehicle_type) VALUES ('a1fb745f-5723-4212-9045-9390a57e092f', '2026-06-06 05:02:38', 'BIKE-350', 'BIKE-350', 'DAILY', '380205060626', @staff2, @bike_id);
INSERT INTO parking_card (card_id) VALUES ('382806060626') ON DUPLICATE KEY UPDATE card_id=card_id;
INSERT INTO parking_record (record_id, entry_time, identifier, license_plate, type, card_id, staff_in, vehicle_type) VALUES ('8cbb9d60-9e6a-45cb-8e36-5b92b268f3c9', '2026-06-06 06:28:38', '35F5-35251', '35F5-35251', 'DAILY', '382806060626', @staff1, @moto_id);
INSERT INTO parking_card (card_id) VALUES ('382109060626') ON DUPLICATE KEY UPDATE card_id=card_id;
INSERT INTO parking_record (record_id, entry_time, identifier, license_plate, type, card_id, staff_in, vehicle_type) VALUES ('48fa89e7-aef3-44dc-b2a6-bb6f20776c44', '2026-06-06 09:21:38', 'BIKE-970', 'BIKE-970', 'DAILY', '382109060626', @staff1, @bike_id);
INSERT INTO parking_card (card_id) VALUES ('381007060626') ON DUPLICATE KEY UPDATE card_id=card_id;
INSERT INTO parking_record (record_id, entry_time, identifier, license_plate, type, card_id, staff_in, vehicle_type) VALUES ('ec1ed180-8099-4262-8269-9908e0498fb7', '2026-06-06 07:10:38', '24A8-83660', '24A8-83660', 'DAILY', '381007060626', @staff2, @moto_id);
INSERT INTO parking_card (card_id) VALUES ('384211060626') ON DUPLICATE KEY UPDATE card_id=card_id;
INSERT INTO parking_record (record_id, entry_time, identifier, license_plate, type, card_id, staff_in, vehicle_type) VALUES ('87496798-c675-4c37-b095-26ac58648d3c', '2026-06-06 11:42:38', 'BIKE-285', 'BIKE-285', 'DAILY', '384211060626', @staff2, @bike_id);
INSERT INTO parking_card (card_id) VALUES ('381406060626') ON DUPLICATE KEY UPDATE card_id=card_id;
INSERT INTO parking_record (record_id, entry_time, identifier, license_plate, type, card_id, staff_in, vehicle_type) VALUES ('c45fc14d-9770-47ec-a669-167cc3d7a0dd', '2026-06-06 06:14:38', 'BIKE-100', 'BIKE-100', 'DAILY', '381406060626', @staff1, @bike_id);
INSERT INTO parking_card (card_id) VALUES ('383104060626') ON DUPLICATE KEY UPDATE card_id=card_id;
INSERT INTO parking_record (record_id, entry_time, identifier, license_plate, type, card_id, staff_in, vehicle_type) VALUES ('1d667159-ee23-4d18-af4e-92b34e65cd47', '2026-06-06 04:31:38', 'BIKE-469', 'BIKE-469', 'DAILY', '383104060626', @staff2, @bike_id);
INSERT INTO parking_card (card_id) VALUES ('382503060626') ON DUPLICATE KEY UPDATE card_id=card_id;
INSERT INTO parking_record (record_id, entry_time, identifier, license_plate, type, card_id, staff_in, vehicle_type) VALUES ('22370bf9-d8d1-411e-9cde-843d62f6719e', '2026-06-06 03:25:38', '98D6-35948', '98D6-35948', 'DAILY', '382503060626', @staff2, @scooter_id);
INSERT INTO parking_card (card_id) VALUES ('383603060626') ON DUPLICATE KEY UPDATE card_id=card_id;
INSERT INTO parking_record (record_id, entry_time, identifier, license_plate, type, card_id, staff_in, vehicle_type) VALUES ('1f6cccf9-b46d-458d-96a1-cebc3473c7a1', '2026-06-06 03:36:38', 'BIKE-362', 'BIKE-362', 'DAILY', '383603060626', @staff1, @bike_id);
INSERT INTO parking_card (card_id) VALUES ('385105060626') ON DUPLICATE KEY UPDATE card_id=card_id;
INSERT INTO parking_record (record_id, entry_time, identifier, license_plate, type, card_id, staff_in, vehicle_type) VALUES ('0a826ca7-2596-417f-9402-e6dd0ed7116d', '2026-06-06 05:51:38', '12F5-19131', '12F5-19131', 'DAILY', '385105060626', @staff2, @moto_id);
INSERT INTO parking_card (card_id) VALUES ('384305060626') ON DUPLICATE KEY UPDATE card_id=card_id;
INSERT INTO parking_record (record_id, entry_time, identifier, license_plate, type, card_id, staff_in, vehicle_type) VALUES ('0158cd19-1e6f-4dc6-ae85-7ac191c9fe3d', '2026-06-06 05:43:38', '46A6-43665', '46A6-43665', 'DAILY', '384305060626', @staff2, @scooter_id);
INSERT INTO parking_card (card_id) VALUES ('384207060626') ON DUPLICATE KEY UPDATE card_id=card_id;
INSERT INTO parking_record (record_id, entry_time, identifier, license_plate, type, card_id, staff_in, vehicle_type) VALUES ('fe4ed0ee-09df-4f6a-ac01-dd7d3eaedb20', '2026-06-06 07:42:38', '16A3-60130', '16A3-60130', 'DAILY', '384207060626', @staff2, @scooter_id);
INSERT INTO parking_card (card_id) VALUES ('380305060626') ON DUPLICATE KEY UPDATE card_id=card_id;
INSERT INTO parking_record (record_id, entry_time, identifier, license_plate, type, card_id, staff_in, vehicle_type) VALUES ('38c23b52-9fb2-4813-9c41-4be63efd54fb', '2026-06-06 05:03:38', 'BIKE-222', 'BIKE-222', 'DAILY', '380305060626', @staff1, @bike_id);
INSERT INTO parking_card (card_id) VALUES ('382210060626') ON DUPLICATE KEY UPDATE card_id=card_id;
INSERT INTO parking_record (record_id, entry_time, identifier, license_plate, type, card_id, staff_in, vehicle_type) VALUES ('cba8e84a-4115-4b64-bd72-9e3c52ff916e', '2026-06-06 10:22:38', 'BIKE-879', 'BIKE-879', 'DAILY', '382210060626', @staff1, @bike_id);
INSERT INTO parking_card (card_id) VALUES ('385211060626') ON DUPLICATE KEY UPDATE card_id=card_id;
INSERT INTO parking_record (record_id, entry_time, identifier, license_plate, type, card_id, staff_in, vehicle_type) VALUES ('646535c0-4761-4b83-9e18-e2c7aab32a44', '2026-06-06 11:52:38', '33A1-14800', '33A1-14800', 'DAILY', '385211060626', @staff2, @moto_id);
INSERT INTO parking_card (card_id) VALUES ('385006060626') ON DUPLICATE KEY UPDATE card_id=card_id;
INSERT INTO parking_record (record_id, entry_time, identifier, license_plate, type, card_id, staff_in, vehicle_type) VALUES ('42668aba-2876-4a65-881d-a1555c42dd3a', '2026-06-06 06:50:38', 'BIKE-438', 'BIKE-438', 'DAILY', '385006060626', @staff1, @bike_id);
INSERT INTO parking_card (card_id) VALUES ('383610060626') ON DUPLICATE KEY UPDATE card_id=card_id;
INSERT INTO parking_record (record_id, entry_time, identifier, license_plate, type, card_id, staff_in, vehicle_type) VALUES ('4285ea55-8cf9-4d9e-9024-00acc3620470', '2026-06-06 10:36:38', '78C8-28604', '78C8-28604', 'DAILY', '383610060626', @staff2, @scooter_id);
INSERT INTO parking_card (card_id) VALUES ('380311060626') ON DUPLICATE KEY UPDATE card_id=card_id;
INSERT INTO parking_record (record_id, entry_time, identifier, license_plate, type, card_id, staff_in, vehicle_type) VALUES ('587736cf-7032-481b-a853-94540adfd56a', '2026-06-06 11:03:38', '93B2-89811', '93B2-89811', 'DAILY', '380311060626', @staff1, @scooter_id);
INSERT INTO parking_card (card_id) VALUES ('380009060626') ON DUPLICATE KEY UPDATE card_id=card_id;
INSERT INTO parking_record (record_id, entry_time, identifier, license_plate, type, card_id, staff_in, vehicle_type) VALUES ('08931be0-cbcc-4f55-9c0f-301c639f582c', '2026-06-06 09:00:38', '81E3-96940', '81E3-96940', 'DAILY', '380009060626', @staff2, @moto_id);
INSERT INTO parking_card (card_id) VALUES ('384512060626') ON DUPLICATE KEY UPDATE card_id=card_id;
INSERT INTO parking_record (record_id, entry_time, identifier, license_plate, type, card_id, staff_in, vehicle_type) VALUES ('fca1c3c7-fd1e-4a6d-acc2-c109571f1e9b', '2026-06-06 12:45:38', '96B5-92767', '96B5-92767', 'DAILY', '384512060626', @staff2, @moto_id);
INSERT INTO parking_card (card_id) VALUES ('384104060626') ON DUPLICATE KEY UPDATE card_id=card_id;
INSERT INTO parking_record (record_id, entry_time, identifier, license_plate, type, card_id, staff_in, vehicle_type) VALUES ('cd40a5e0-7d27-41cb-9172-6ee2b325d858', '2026-06-06 04:41:38', '83F1-68093', '83F1-68093', 'DAILY', '384104060626', @staff2, @moto_id);
INSERT INTO parking_card (card_id) VALUES ('384507060626') ON DUPLICATE KEY UPDATE card_id=card_id;
INSERT INTO parking_record (record_id, entry_time, identifier, license_plate, type, card_id, staff_in, vehicle_type) VALUES ('33ee9b5d-c804-4d33-b67c-8682094476cc', '2026-06-06 07:45:38', '31D1-72396', '31D1-72396', 'DAILY', '384507060626', @staff1, @scooter_id);
INSERT INTO parking_card (card_id) VALUES ('381104060626') ON DUPLICATE KEY UPDATE card_id=card_id;
INSERT INTO parking_record (record_id, entry_time, identifier, license_plate, type, card_id, staff_in, vehicle_type) VALUES ('53d88fa4-43f4-4eda-924a-6a2e900ac770', '2026-06-06 04:11:38', '28F4-50413', '28F4-50413', 'DAILY', '381104060626', @staff2, @scooter_id);
INSERT INTO parking_card (card_id) VALUES ('381510060626') ON DUPLICATE KEY UPDATE card_id=card_id;
INSERT INTO parking_record (record_id, entry_time, identifier, license_plate, type, card_id, staff_in, vehicle_type) VALUES ('e821af04-b776-4c24-9da1-28a94e07b542', '2026-06-06 10:15:38', 'BIKE-615', 'BIKE-615', 'DAILY', '381510060626', @staff2, @bike_id);
INSERT INTO parking_card (card_id) VALUES ('381505060626') ON DUPLICATE KEY UPDATE card_id=card_id;
INSERT INTO parking_record (record_id, entry_time, identifier, license_plate, type, card_id, staff_in, vehicle_type) VALUES ('3ac80b49-7640-42a1-8f6c-6ca69dd0d9c4', '2026-06-06 05:15:38', 'BIKE-349', 'BIKE-349', 'DAILY', '381505060626', @staff1, @bike_id);
INSERT INTO parking_card (card_id) VALUES ('383209060626') ON DUPLICATE KEY UPDATE card_id=card_id;
INSERT INTO parking_record (record_id, entry_time, identifier, license_plate, type, card_id, staff_in, vehicle_type) VALUES ('70cd2c98-9fac-4eca-a362-1615f3eac24b', '2026-06-06 09:32:38', '14F7-53219', '14F7-53219', 'DAILY', '383209060626', @staff1, @moto_id);
INSERT INTO parking_card (card_id) VALUES ('381206060626') ON DUPLICATE KEY UPDATE card_id=card_id;
INSERT INTO parking_record (record_id, entry_time, identifier, license_plate, type, card_id, staff_in, vehicle_type) VALUES ('9a7def8c-ad23-45f8-b3e9-183f83bda788', '2026-06-06 06:12:38', '85F5-18976', '85F5-18976', 'DAILY', '381206060626', @staff1, @scooter_id);
INSERT INTO parking_card (card_id) VALUES ('385704060626') ON DUPLICATE KEY UPDATE card_id=card_id;
INSERT INTO parking_record (record_id, entry_time, identifier, license_plate, type, card_id, staff_in, vehicle_type) VALUES ('abd69368-4a49-4bc1-b379-d6efaabf7941', '2026-06-06 04:57:38', 'BIKE-764', 'BIKE-764', 'DAILY', '385704060626', @staff1, @bike_id);
INSERT INTO parking_card (card_id) VALUES ('383306060626') ON DUPLICATE KEY UPDATE card_id=card_id;
INSERT INTO parking_record (record_id, entry_time, identifier, license_plate, type, card_id, staff_in, vehicle_type) VALUES ('310679ee-0713-4272-90d8-08ca2c2d701d', '2026-06-06 06:33:38', 'BIKE-352', 'BIKE-352', 'DAILY', '383306060626', @staff1, @bike_id);
INSERT INTO parking_card (card_id) VALUES ('383503060626') ON DUPLICATE KEY UPDATE card_id=card_id;
INSERT INTO parking_record (record_id, entry_time, identifier, license_plate, type, card_id, staff_in, vehicle_type) VALUES ('c89ac5f1-9ea8-4c49-b82a-2c2751574020', '2026-06-06 03:35:38', '62C1-83697', '62C1-83697', 'DAILY', '383503060626', @staff2, @scooter_id);
INSERT INTO parking_card (card_id) VALUES ('385605060626') ON DUPLICATE KEY UPDATE card_id=card_id;
INSERT INTO parking_record (record_id, entry_time, identifier, license_plate, type, card_id, staff_in, vehicle_type) VALUES ('51e5833e-5af3-44f4-b9e3-38e8e42f35ad', '2026-06-06 05:56:38', '55E5-23528', '55E5-23528', 'DAILY', '385605060626', @staff2, @scooter_id);
INSERT INTO parking_card (card_id) VALUES ('382210060626') ON DUPLICATE KEY UPDATE card_id=card_id;
INSERT INTO parking_record (record_id, entry_time, identifier, license_plate, type, card_id, staff_in, vehicle_type) VALUES ('9dee1d6f-47b9-41b3-9ce5-f8d99f9df3f6', '2026-06-06 10:22:38', '32B8-27261', '32B8-27261', 'DAILY', '382210060626', @staff1, @moto_id);
INSERT INTO parking_card (card_id) VALUES ('385604060626') ON DUPLICATE KEY UPDATE card_id=card_id;
INSERT INTO parking_record (record_id, entry_time, identifier, license_plate, type, card_id, staff_in, vehicle_type) VALUES ('4d6554a9-5366-4d7d-aa82-be2e511f0655', '2026-06-06 04:56:38', 'BIKE-895', 'BIKE-895', 'DAILY', '385604060626', @staff1, @bike_id);
INSERT INTO parking_card (card_id) VALUES ('384110060626') ON DUPLICATE KEY UPDATE card_id=card_id;
INSERT INTO parking_record (record_id, entry_time, identifier, license_plate, type, card_id, staff_in, vehicle_type) VALUES ('00fccc3b-d589-40e1-9c0a-1ddfe59c2539', '2026-06-06 10:41:38', '45D2-73354', '45D2-73354', 'DAILY', '384110060626', @staff1, @scooter_id);
INSERT INTO parking_card (card_id) VALUES ('383803060626') ON DUPLICATE KEY UPDATE card_id=card_id;
INSERT INTO parking_record (record_id, entry_time, identifier, license_plate, type, card_id, staff_in, vehicle_type) VALUES ('8e4f4cbb-da31-4fe6-af19-0f745153d864', '2026-06-06 03:38:38', 'BIKE-456', 'BIKE-456', 'DAILY', '383803060626', @staff2, @bike_id);
INSERT INTO parking_card (card_id) VALUES ('380011060626') ON DUPLICATE KEY UPDATE card_id=card_id;
INSERT INTO parking_record (record_id, entry_time, identifier, license_plate, type, card_id, staff_in, vehicle_type) VALUES ('8f6da8b2-60bd-4fbf-8d5f-5dfed77e125d', '2026-06-06 11:00:38', 'BIKE-829', 'BIKE-829', 'DAILY', '380011060626', @staff1, @bike_id);
INSERT INTO parking_card (card_id) VALUES ('384705060626') ON DUPLICATE KEY UPDATE card_id=card_id;
INSERT INTO parking_record (record_id, entry_time, identifier, license_plate, type, card_id, staff_in, vehicle_type) VALUES ('fe4c561b-2d92-4b8e-95a0-f8dd89127dfb', '2026-06-06 05:47:38', '22D6-43289', '22D6-43289', 'DAILY', '384705060626', @staff1, @moto_id);
INSERT INTO parking_card (card_id) VALUES ('382310060626') ON DUPLICATE KEY UPDATE card_id=card_id;
INSERT INTO parking_record (record_id, entry_time, identifier, license_plate, type, card_id, staff_in, vehicle_type) VALUES ('70e1edb0-ab30-4d4f-b35c-e4b5c4d3a301', '2026-06-06 10:23:38', 'BIKE-250', 'BIKE-250', 'DAILY', '382310060626', @staff2, @bike_id);
INSERT INTO parking_card (card_id) VALUES ('383007060626') ON DUPLICATE KEY UPDATE card_id=card_id;
INSERT INTO parking_record (record_id, entry_time, identifier, license_plate, type, card_id, staff_in, vehicle_type) VALUES ('980f041d-6a88-4c63-b656-e36879d5a4bc', '2026-06-06 07:30:38', '22C4-72493', '22C4-72493', 'DAILY', '383007060626', @staff2, @moto_id);
INSERT INTO parking_card (card_id) VALUES ('380909060626') ON DUPLICATE KEY UPDATE card_id=card_id;
INSERT INTO parking_record (record_id, entry_time, identifier, license_plate, type, card_id, staff_in, vehicle_type) VALUES ('3381bee7-9d71-422c-8c2e-9fc31b8f3463', '2026-06-06 09:09:38', '17F6-84338', '17F6-84338', 'DAILY', '380909060626', @staff2, @scooter_id);
INSERT INTO parking_card (card_id) VALUES ('385304060626') ON DUPLICATE KEY UPDATE card_id=card_id;
INSERT INTO parking_record (record_id, entry_time, identifier, license_plate, type, card_id, staff_in, vehicle_type) VALUES ('870f0a30-5385-42bc-b940-4b16f17849a7', '2026-06-06 04:53:38', 'BIKE-498', 'BIKE-498', 'DAILY', '385304060626', @staff1, @bike_id);
INSERT INTO parking_card (card_id) VALUES ('380107060626') ON DUPLICATE KEY UPDATE card_id=card_id;
INSERT INTO parking_record (record_id, entry_time, identifier, license_plate, type, card_id, staff_in, vehicle_type) VALUES ('0b1fa0fe-4092-4d52-a267-a4a7dd3401cd', '2026-06-06 07:01:38', '79A6-25380', '79A6-25380', 'DAILY', '380107060626', @staff1, @scooter_id);
INSERT INTO parking_card (card_id) VALUES ('382503060626') ON DUPLICATE KEY UPDATE card_id=card_id;
INSERT INTO parking_record (record_id, entry_time, identifier, license_plate, type, card_id, staff_in, vehicle_type) VALUES ('0c9d6c63-d37c-4744-9df6-9bdc0a3e95df', '2026-06-06 03:25:38', 'BIKE-445', 'BIKE-445', 'DAILY', '382503060626', @staff2, @bike_id);
INSERT INTO parking_card (card_id) VALUES ('383710060626') ON DUPLICATE KEY UPDATE card_id=card_id;
INSERT INTO parking_record (record_id, entry_time, identifier, license_plate, type, card_id, staff_in, vehicle_type) VALUES ('ee84b4f3-47c7-4aed-9b5c-679e6fe6a57c', '2026-06-06 10:37:38', '43C5-68378', '43C5-68378', 'DAILY', '383710060626', @staff1, @moto_id);
INSERT INTO parking_card (card_id) VALUES ('380811060626') ON DUPLICATE KEY UPDATE card_id=card_id;
INSERT INTO parking_record (record_id, entry_time, identifier, license_plate, type, card_id, staff_in, vehicle_type) VALUES ('dfe3348e-1e8e-4e83-9303-626ffb57168b', '2026-06-06 11:08:38', '17D5-20925', '17D5-20925', 'DAILY', '380811060626', @staff2, @scooter_id);
INSERT INTO parking_card (card_id) VALUES ('380005060626') ON DUPLICATE KEY UPDATE card_id=card_id;
INSERT INTO parking_record (record_id, entry_time, identifier, license_plate, type, card_id, staff_in, vehicle_type) VALUES ('6f9cde27-10cc-449c-867d-8ece688be798', '2026-06-06 05:00:38', 'BIKE-653', 'BIKE-653', 'DAILY', '380005060626', @staff2, @bike_id);
INSERT INTO parking_card (card_id) VALUES ('383008060626') ON DUPLICATE KEY UPDATE card_id=card_id;
INSERT INTO parking_record (record_id, entry_time, identifier, license_plate, type, card_id, staff_in, vehicle_type) VALUES ('99f5e013-2330-47d0-a9e0-52794a9fc7a5', '2026-06-06 08:30:38', '51F2-38300', '51F2-38300', 'DAILY', '383008060626', @staff2, @scooter_id);
INSERT INTO parking_card (card_id) VALUES ('385905060626') ON DUPLICATE KEY UPDATE card_id=card_id;
INSERT INTO parking_record (record_id, entry_time, identifier, license_plate, type, card_id, staff_in, vehicle_type) VALUES ('f70a516e-221e-4c90-bbcc-17ba18282519', '2026-06-06 05:59:38', '95C4-38590', '95C4-38590', 'DAILY', '385905060626', @staff1, @moto_id);
INSERT INTO parking_card (card_id) VALUES ('383610060626') ON DUPLICATE KEY UPDATE card_id=card_id;
INSERT INTO parking_record (record_id, entry_time, identifier, license_plate, type, card_id, staff_in, vehicle_type) VALUES ('cb537200-3b0d-4722-8bb7-de537d34ea18', '2026-06-06 10:36:38', '45C4-59061', '45C4-59061', 'DAILY', '383610060626', @staff1, @scooter_id);
INSERT INTO parking_card (card_id) VALUES ('381610060626') ON DUPLICATE KEY UPDATE card_id=card_id;
INSERT INTO parking_record (record_id, entry_time, identifier, license_plate, type, card_id, staff_in, vehicle_type) VALUES ('af43f44d-dd7a-49a4-b4db-956445ee7377', '2026-06-06 10:16:38', '61E7-56552', '61E7-56552', 'DAILY', '381610060626', @staff1, @moto_id);
INSERT INTO parking_card (card_id) VALUES ('380909060626') ON DUPLICATE KEY UPDATE card_id=card_id;
INSERT INTO parking_record (record_id, entry_time, identifier, license_plate, type, card_id, staff_in, vehicle_type) VALUES ('193fc27a-9c2d-4950-8b83-9c8fe9dd2181', '2026-06-06 09:09:38', '37C2-84083', '37C2-84083', 'DAILY', '380909060626', @staff2, @scooter_id);
INSERT INTO parking_card (card_id) VALUES ('384905060626') ON DUPLICATE KEY UPDATE card_id=card_id;
INSERT INTO parking_record (record_id, entry_time, identifier, license_plate, type, card_id, staff_in, vehicle_type) VALUES ('6a07bbb3-3771-4a8b-9f4d-5d4daae31279', '2026-06-06 05:49:38', '85F5-44618', '85F5-44618', 'DAILY', '384905060626', @staff2, @scooter_id);
INSERT INTO parking_card (card_id) VALUES ('385504060626') ON DUPLICATE KEY UPDATE card_id=card_id;
INSERT INTO parking_record (record_id, entry_time, identifier, license_plate, type, card_id, staff_in, vehicle_type) VALUES ('eb10a1d3-41f9-4f5c-b388-8897beb372bb', '2026-06-06 04:55:38', 'BIKE-966', 'BIKE-966', 'DAILY', '385504060626', @staff1, @bike_id);
INSERT INTO parking_card (card_id) VALUES ('380608060626') ON DUPLICATE KEY UPDATE card_id=card_id;
INSERT INTO parking_record (record_id, entry_time, identifier, license_plate, type, card_id, staff_in, vehicle_type) VALUES ('adbfe447-1d9c-431d-b1d8-0c80f6b97033', '2026-06-06 08:06:38', '86E4-39471', '86E4-39471', 'DAILY', '380608060626', @staff2, @scooter_id);
INSERT INTO parking_card (card_id) VALUES ('381704060626') ON DUPLICATE KEY UPDATE card_id=card_id;
INSERT INTO parking_record (record_id, entry_time, identifier, license_plate, type, card_id, staff_in, vehicle_type) VALUES ('26d131c8-02d6-46cc-a3f9-0437e8f0abd0', '2026-06-06 04:17:38', '71F3-47536', '71F3-47536', 'DAILY', '381704060626', @staff2, @moto_id);
INSERT INTO parking_card (card_id) VALUES ('385303060626') ON DUPLICATE KEY UPDATE card_id=card_id;
INSERT INTO parking_record (record_id, entry_time, identifier, license_plate, type, card_id, staff_in, vehicle_type) VALUES ('2ef0e400-6d47-4c1c-8b21-938beee64cab', '2026-06-06 03:53:38', '39F1-83333', '39F1-83333', 'DAILY', '385303060626', @staff2, @scooter_id);
INSERT INTO parking_card (card_id) VALUES ('384903060626') ON DUPLICATE KEY UPDATE card_id=card_id;
INSERT INTO parking_record (record_id, entry_time, identifier, license_plate, type, card_id, staff_in, vehicle_type) VALUES ('28d065bb-1ff1-4c5c-9845-8c7d363367ea', '2026-06-06 03:49:38', '95F2-40953', '95F2-40953', 'DAILY', '384903060626', @staff2, @moto_id);
INSERT INTO parking_card (card_id) VALUES ('381504060626') ON DUPLICATE KEY UPDATE card_id=card_id;
INSERT INTO parking_record (record_id, entry_time, identifier, license_plate, type, card_id, staff_in, vehicle_type) VALUES ('6c82e42f-2761-4198-ba44-ffe1c67ccb16', '2026-06-06 04:15:38', '61B7-88399', '61B7-88399', 'DAILY', '381504060626', @staff2, @scooter_id);
INSERT INTO parking_card (card_id) VALUES ('383308060626') ON DUPLICATE KEY UPDATE card_id=card_id;
INSERT INTO parking_record (record_id, entry_time, identifier, license_plate, type, card_id, staff_in, vehicle_type) VALUES ('4557b825-34b1-4f63-ab83-5d8ecdaeb010', '2026-06-06 08:33:38', 'BIKE-930', 'BIKE-930', 'DAILY', '383308060626', @staff1, @bike_id);
INSERT INTO parking_card (card_id) VALUES ('380011060626') ON DUPLICATE KEY UPDATE card_id=card_id;
INSERT INTO parking_record (record_id, entry_time, identifier, license_plate, type, card_id, staff_in, vehicle_type) VALUES ('57d082ed-da46-456b-9382-cfa6d8748497', '2026-06-06 11:00:38', '73B2-57237', '73B2-57237', 'DAILY', '380011060626', @staff1, @scooter_id);
INSERT INTO parking_card (card_id) VALUES ('385905060626') ON DUPLICATE KEY UPDATE card_id=card_id;
INSERT INTO parking_record (record_id, entry_time, identifier, license_plate, type, card_id, staff_in, vehicle_type) VALUES ('909c7b4f-b3ce-40b7-8d85-572730e66338', '2026-06-06 05:59:38', '11D3-18989', '11D3-18989', 'DAILY', '385905060626', @staff1, @moto_id);
INSERT INTO parking_card (card_id) VALUES ('385111060626') ON DUPLICATE KEY UPDATE card_id=card_id;
INSERT INTO parking_record (record_id, entry_time, identifier, license_plate, type, card_id, staff_in, vehicle_type) VALUES ('b2847b98-4172-48cd-acfe-e16d04f85573', '2026-06-06 11:51:38', '92B1-77887', '92B1-77887', 'DAILY', '385111060626', @staff1, @scooter_id);
INSERT INTO parking_card (card_id) VALUES ('385711060626') ON DUPLICATE KEY UPDATE card_id=card_id;
INSERT INTO parking_record (record_id, entry_time, identifier, license_plate, type, card_id, staff_in, vehicle_type) VALUES ('4051199a-82df-420d-beb1-aa49f91084d5', '2026-06-06 11:57:38', '55E1-21179', '55E1-21179', 'DAILY', '385711060626', @staff2, @moto_id);
INSERT INTO parking_card (card_id) VALUES ('381203060626') ON DUPLICATE KEY UPDATE card_id=card_id;
INSERT INTO parking_record (record_id, entry_time, identifier, license_plate, type, card_id, staff_in, vehicle_type) VALUES ('4f68302d-9baa-42da-a06c-59c4df8dfaad', '2026-06-06 03:12:38', '95E1-15734', '95E1-15734', 'DAILY', '381203060626', @staff2, @scooter_id);
INSERT INTO parking_card (card_id) VALUES ('383410060626') ON DUPLICATE KEY UPDATE card_id=card_id;
INSERT INTO parking_record (record_id, entry_time, identifier, license_plate, type, card_id, staff_in, vehicle_type) VALUES ('589655ed-1fc8-43b5-8035-ffbc5bd0c861', '2026-06-06 10:34:38', 'BIKE-743', 'BIKE-743', 'DAILY', '383410060626', @staff2, @bike_id);
INSERT INTO parking_card (card_id) VALUES ('385904060626') ON DUPLICATE KEY UPDATE card_id=card_id;
INSERT INTO parking_record (record_id, entry_time, identifier, license_plate, type, card_id, staff_in, vehicle_type) VALUES ('24153d8e-3b10-4c30-97b8-f466cf521158', '2026-06-06 04:59:38', 'BIKE-214', 'BIKE-214', 'DAILY', '385904060626', @staff1, @bike_id);
INSERT INTO parking_card (card_id) VALUES ('385708060626') ON DUPLICATE KEY UPDATE card_id=card_id;
INSERT INTO parking_record (record_id, entry_time, identifier, license_plate, type, card_id, staff_in, vehicle_type) VALUES ('1ebc43ae-5221-4190-87eb-71357525f34e', '2026-06-06 08:57:38', 'BIKE-228', 'BIKE-228', 'DAILY', '385708060626', @staff1, @bike_id);
INSERT INTO parking_card (card_id) VALUES ('382003060626') ON DUPLICATE KEY UPDATE card_id=card_id;
INSERT INTO parking_record (record_id, entry_time, identifier, license_plate, type, card_id, staff_in, vehicle_type) VALUES ('c60d7c0e-85e1-4270-a2d8-e4581a1a6099', '2026-06-06 03:20:38', 'BIKE-649', 'BIKE-649', 'DAILY', '382003060626', @staff1, @bike_id);
INSERT INTO parking_card (card_id) VALUES ('385004060626') ON DUPLICATE KEY UPDATE card_id=card_id;
INSERT INTO parking_record (record_id, entry_time, identifier, license_plate, type, card_id, staff_in, vehicle_type) VALUES ('46121443-0d75-4cb5-9af2-fec4e52817aa', '2026-06-06 04:50:38', '32C9-60662', '32C9-60662', 'DAILY', '385004060626', @staff2, @moto_id);
INSERT INTO parking_card (card_id) VALUES ('381106060626') ON DUPLICATE KEY UPDATE card_id=card_id;
INSERT INTO parking_record (record_id, entry_time, identifier, license_plate, type, card_id, staff_in, vehicle_type) VALUES ('0c908a70-ba93-4c67-b243-a6c32b3caf2f', '2026-06-06 06:11:38', '18E5-14556', '18E5-14556', 'DAILY', '381106060626', @staff2, @moto_id);
INSERT INTO parking_card (card_id) VALUES ('382204180526') ON DUPLICATE KEY UPDATE card_id=card_id;
INSERT INTO payment (payment_id, amount, create_at, payment_type) VALUES ('dcdb9b81-a321-4caa-acff-9ec2a15345d8', 2000, '2026-05-18 05:13:38', 'PARKING');
INSERT INTO parking_record_history (history_id, entry_time, exit_time, identifier, license_plate, type, card_id, payment_id, staff_in, staff_out, vehicle_type) VALUES ('6f7b9fb3-b0fc-4c07-9543-aacd8ba0da12', '2026-05-18 04:22:38', '2026-05-18 05:13:38', 'BIKE-498', 'BIKE-498', 'DAILY', '382204180526', 'dcdb9b81-a321-4caa-acff-9ec2a15345d8', @staff2, @staff2, @bike_id);
INSERT INTO parking_card (card_id) VALUES ('384406040626') ON DUPLICATE KEY UPDATE card_id=card_id;
INSERT INTO payment (payment_id, amount, create_at, payment_type) VALUES ('f393df21-b51e-4491-bfba-c6b87940aa5b', 5000, '2026-06-04 07:19:38', 'PARKING');
INSERT INTO parking_record_history (history_id, entry_time, exit_time, identifier, license_plate, type, card_id, payment_id, staff_in, staff_out, vehicle_type) VALUES ('e27bef8b-d31a-40c9-a4ea-fc96f063e674', '2026-06-04 06:44:38', '2026-06-04 07:19:38', '97C2-55476', '97C2-55476', 'DAILY', '384406040626', 'f393df21-b51e-4491-bfba-c6b87940aa5b', @staff2, @staff1, @scooter_id);
INSERT INTO parking_card (card_id) VALUES ('380209010626') ON DUPLICATE KEY UPDATE card_id=card_id;
INSERT INTO payment (payment_id, amount, create_at, payment_type) VALUES ('c0188810-aa45-46ed-9680-1aed2fe36c02', 5000, '2026-06-01 11:30:38', 'PARKING');
INSERT INTO parking_record_history (history_id, entry_time, exit_time, identifier, license_plate, type, card_id, payment_id, staff_in, staff_out, vehicle_type) VALUES ('28f354b5-4fcc-4fb7-9094-153d1824f77e', '2026-06-01 09:02:38', '2026-06-01 11:30:38', '86B8-18857', '86B8-18857', 'DAILY', '380209010626', 'c0188810-aa45-46ed-9680-1aed2fe36c02', @staff2, @staff1, @scooter_id);
INSERT INTO parking_card (card_id) VALUES ('381111010626') ON DUPLICATE KEY UPDATE card_id=card_id;
INSERT INTO payment (payment_id, amount, create_at, payment_type) VALUES ('6b041f5e-3865-4b47-bc64-7a786a574c44', 4000, '2026-06-01 14:33:38', 'PARKING');
INSERT INTO parking_record_history (history_id, entry_time, exit_time, identifier, license_plate, type, card_id, payment_id, staff_in, staff_out, vehicle_type) VALUES ('490cc6f5-4e1f-44aa-bfce-c60d40320bdc', '2026-06-01 11:11:38', '2026-06-01 14:33:38', '35F6-28475', '35F6-28475', 'DAILY', '381111010626', '6b041f5e-3865-4b47-bc64-7a786a574c44', @staff2, @staff2, @moto_id);
INSERT INTO parking_card (card_id) VALUES ('380103260526') ON DUPLICATE KEY UPDATE card_id=card_id;
INSERT INTO payment (payment_id, amount, create_at, payment_type) VALUES ('085b6314-5936-4b27-9f42-1696d379df6f', 5000, '2026-05-26 04:34:38', 'PARKING');
INSERT INTO parking_record_history (history_id, entry_time, exit_time, identifier, license_plate, type, card_id, payment_id, staff_in, staff_out, vehicle_type) VALUES ('d37df448-ef93-40ba-b0b1-df3bcfa1223f', '2026-05-26 03:01:38', '2026-05-26 04:34:38', '34E8-44941', '34E8-44941', 'DAILY', '380103260526', '085b6314-5936-4b27-9f42-1696d379df6f', @staff1, @staff2, @scooter_id);
INSERT INTO parking_card (card_id) VALUES ('385203180526') ON DUPLICATE KEY UPDATE card_id=card_id;
INSERT INTO payment (payment_id, amount, create_at, payment_type) VALUES ('f5cc35fc-58c5-421b-b34c-a9adb38c1d78', 2000, '2026-05-18 08:06:38', 'PARKING');
INSERT INTO parking_record_history (history_id, entry_time, exit_time, identifier, license_plate, type, card_id, payment_id, staff_in, staff_out, vehicle_type) VALUES ('526fe32d-cede-4b92-ae95-0f883bb0407f', '2026-05-18 03:52:38', '2026-05-18 08:06:38', 'BIKE-609', 'BIKE-609', 'DAILY', '385203180526', 'f5cc35fc-58c5-421b-b34c-a9adb38c1d78', @staff2, @staff2, @bike_id);
INSERT INTO parking_card (card_id) VALUES ('382708270526') ON DUPLICATE KEY UPDATE card_id=card_id;
INSERT INTO payment (payment_id, amount, create_at, payment_type) VALUES ('8a29f9b1-0454-44a7-abac-174e23a73547', 4000, '2026-05-27 09:13:38', 'PARKING');
INSERT INTO parking_record_history (history_id, entry_time, exit_time, identifier, license_plate, type, card_id, payment_id, staff_in, staff_out, vehicle_type) VALUES ('fbc3551f-c473-4b43-9af6-bfbd0f1864ec', '2026-05-27 08:27:38', '2026-05-27 09:13:38', '74A2-21035', '74A2-21035', 'DAILY', '382708270526', '8a29f9b1-0454-44a7-abac-174e23a73547', @staff1, @staff2, @moto_id);
INSERT INTO parking_card (card_id) VALUES ('381908230526') ON DUPLICATE KEY UPDATE card_id=card_id;
INSERT INTO payment (payment_id, amount, create_at, payment_type) VALUES ('b53994a1-4afe-4a2f-917b-e817b3cc6445', 5000, '2026-05-23 09:31:38', 'PARKING');
INSERT INTO parking_record_history (history_id, entry_time, exit_time, identifier, license_plate, type, card_id, payment_id, staff_in, staff_out, vehicle_type) VALUES ('152dc21d-5113-4d14-9e3a-9f31dfe15ee4', '2026-05-23 08:19:38', '2026-05-23 09:31:38', '63E8-37293', '63E8-37293', 'DAILY', '381908230526', 'b53994a1-4afe-4a2f-917b-e817b3cc6445', @staff1, @staff1, @scooter_id);
INSERT INTO parking_card (card_id) VALUES ('383505100526') ON DUPLICATE KEY UPDATE card_id=card_id;
INSERT INTO payment (payment_id, amount, create_at, payment_type) VALUES ('9a0df403-00cb-42a9-9041-4152887eb63e', 2000, '2026-05-10 09:36:38', 'PARKING');
INSERT INTO parking_record_history (history_id, entry_time, exit_time, identifier, license_plate, type, card_id, payment_id, staff_in, staff_out, vehicle_type) VALUES ('a350e40e-d519-4821-ad18-c7249137cabe', '2026-05-10 05:35:38', '2026-05-10 09:36:38', 'BIKE-688', 'BIKE-688', 'DAILY', '383505100526', '9a0df403-00cb-42a9-9041-4152887eb63e', @staff1, @staff1, @bike_id);
INSERT INTO parking_card (card_id) VALUES ('382110120526') ON DUPLICATE KEY UPDATE card_id=card_id;
INSERT INTO payment (payment_id, amount, create_at, payment_type) VALUES ('dcde1c6d-d7fa-49f0-b93b-5cf93a9cfbb5', 4000, '2026-05-12 16:54:38', 'PARKING');
INSERT INTO parking_record_history (history_id, entry_time, exit_time, identifier, license_plate, type, card_id, payment_id, staff_in, staff_out, vehicle_type) VALUES ('24c5b6a4-4f1c-48dd-9202-daa736a4b4ff', '2026-05-12 10:21:38', '2026-05-12 16:54:38', '36A5-56245', '36A5-56245', 'DAILY', '382110120526', 'dcde1c6d-d7fa-49f0-b93b-5cf93a9cfbb5', @staff2, @staff2, @moto_id);
INSERT INTO parking_card (card_id) VALUES ('380106060626') ON DUPLICATE KEY UPDATE card_id=card_id;
INSERT INTO payment (payment_id, amount, create_at, payment_type) VALUES ('18ae109d-b2cd-480e-8ddb-af211b6e173d', 5000, '2026-06-06 08:36:38', 'PARKING');
INSERT INTO parking_record_history (history_id, entry_time, exit_time, identifier, license_plate, type, card_id, payment_id, staff_in, staff_out, vehicle_type) VALUES ('4b6946cf-1abe-4989-a6f1-1d353eb4593a', '2026-06-06 06:01:38', '2026-06-06 08:36:38', '86E7-94716', '86E7-94716', 'DAILY', '380106060626', '18ae109d-b2cd-480e-8ddb-af211b6e173d', @staff2, @staff1, @scooter_id);
INSERT INTO parking_card (card_id) VALUES ('381509230526') ON DUPLICATE KEY UPDATE card_id=card_id;
INSERT INTO payment (payment_id, amount, create_at, payment_type) VALUES ('baa6db87-6e0b-4d6e-b3b6-e909babf6039', 5000, '2026-05-23 11:14:38', 'PARKING');
INSERT INTO parking_record_history (history_id, entry_time, exit_time, identifier, license_plate, type, card_id, payment_id, staff_in, staff_out, vehicle_type) VALUES ('caa240ff-355d-4d2f-ad33-565dcbbb1275', '2026-05-23 09:15:38', '2026-05-23 11:14:38', '76A5-20783', '76A5-20783', 'DAILY', '381509230526', 'baa6db87-6e0b-4d6e-b3b6-e909babf6039', @staff2, @staff1, @scooter_id);
INSERT INTO parking_card (card_id) VALUES ('382810160526') ON DUPLICATE KEY UPDATE card_id=card_id;
INSERT INTO payment (payment_id, amount, create_at, payment_type) VALUES ('f202f8f7-5f24-4482-b040-363c6826a73b', 5000, '2026-05-16 15:58:38', 'PARKING');
INSERT INTO parking_record_history (history_id, entry_time, exit_time, identifier, license_plate, type, card_id, payment_id, staff_in, staff_out, vehicle_type) VALUES ('c66a7f52-5060-424f-9c3a-912351238b8c', '2026-05-16 10:28:38', '2026-05-16 15:58:38', '26C4-79103', '26C4-79103', 'DAILY', '382810160526', 'f202f8f7-5f24-4482-b040-363c6826a73b', @staff2, @staff2, @scooter_id);
INSERT INTO parking_card (card_id) VALUES ('384804190526') ON DUPLICATE KEY UPDATE card_id=card_id;
INSERT INTO payment (payment_id, amount, create_at, payment_type) VALUES ('28836e29-cf1e-46f5-ab01-e00b0c07509c', 4000, '2026-05-19 10:39:38', 'PARKING');
INSERT INTO parking_record_history (history_id, entry_time, exit_time, identifier, license_plate, type, card_id, payment_id, staff_in, staff_out, vehicle_type) VALUES ('295d1646-e7d2-48c6-9baa-d6e1028dbf4e', '2026-05-19 04:48:38', '2026-05-19 10:39:38', '81C7-56711', '81C7-56711', 'DAILY', '384804190526', '28836e29-cf1e-46f5-ab01-e00b0c07509c', @staff1, @staff2, @moto_id);
INSERT INTO parking_card (card_id) VALUES ('384804160526') ON DUPLICATE KEY UPDATE card_id=card_id;
INSERT INTO payment (payment_id, amount, create_at, payment_type) VALUES ('d5173543-4bc2-4ff5-ab9d-b473f300f23f', 4000, '2026-05-16 09:44:38', 'PARKING');
INSERT INTO parking_record_history (history_id, entry_time, exit_time, identifier, license_plate, type, card_id, payment_id, staff_in, staff_out, vehicle_type) VALUES ('d89ffa76-d3e5-4ffc-ac85-edd7e55d3791', '2026-05-16 04:48:38', '2026-05-16 09:44:38', '79C4-61892', '79C4-61892', 'DAILY', '384804160526', 'd5173543-4bc2-4ff5-ab9d-b473f300f23f', @staff1, @staff2, @moto_id);
INSERT INTO parking_card (card_id) VALUES ('381409180526') ON DUPLICATE KEY UPDATE card_id=card_id;
INSERT INTO payment (payment_id, amount, create_at, payment_type) VALUES ('ff95df16-538a-418e-b845-b80defab80e1', 4000, '2026-05-18 15:29:38', 'PARKING');
INSERT INTO parking_record_history (history_id, entry_time, exit_time, identifier, license_plate, type, card_id, payment_id, staff_in, staff_out, vehicle_type) VALUES ('f71b5481-fba2-4e3c-acdc-a7415f8b50cd', '2026-05-18 09:14:38', '2026-05-18 15:29:38', '81F5-90042', '81F5-90042', 'DAILY', '381409180526', 'ff95df16-538a-418e-b845-b80defab80e1', @staff1, @staff1, @moto_id);
INSERT INTO parking_card (card_id) VALUES ('382211230526') ON DUPLICATE KEY UPDATE card_id=card_id;
INSERT INTO payment (payment_id, amount, create_at, payment_type) VALUES ('b0838da3-3329-4ed4-aaf3-850caebe3c77', 5000, '2026-05-23 16:44:38', 'PARKING');
INSERT INTO parking_record_history (history_id, entry_time, exit_time, identifier, license_plate, type, card_id, payment_id, staff_in, staff_out, vehicle_type) VALUES ('c0c2dd20-6ef1-4aab-9ece-d05f385fec1d', '2026-05-23 11:22:38', '2026-05-23 16:44:38', '94A1-94096', '94A1-94096', 'DAILY', '382211230526', 'b0838da3-3329-4ed4-aaf3-850caebe3c77', @staff2, @staff1, @scooter_id);
INSERT INTO parking_card (card_id) VALUES ('383906020626') ON DUPLICATE KEY UPDATE card_id=card_id;
INSERT INTO payment (payment_id, amount, create_at, payment_type) VALUES ('8c5d1de6-cb15-4b7c-9831-f72fdc419cfe', 5000, '2026-06-02 11:22:38', 'PARKING');
INSERT INTO parking_record_history (history_id, entry_time, exit_time, identifier, license_plate, type, card_id, payment_id, staff_in, staff_out, vehicle_type) VALUES ('c9e9e40f-d682-42bd-bab7-d67c03d90ec6', '2026-06-02 06:39:38', '2026-06-02 11:22:38', '64F8-81284', '64F8-81284', 'DAILY', '383906020626', '8c5d1de6-cb15-4b7c-9831-f72fdc419cfe', @staff2, @staff2, @scooter_id);
INSERT INTO parking_card (card_id) VALUES ('383208140526') ON DUPLICATE KEY UPDATE card_id=card_id;
INSERT INTO payment (payment_id, amount, create_at, payment_type) VALUES ('c030b923-5861-406e-85d6-e6828be7bc8f', 4000, '2026-05-14 10:25:38', 'PARKING');
INSERT INTO parking_record_history (history_id, entry_time, exit_time, identifier, license_plate, type, card_id, payment_id, staff_in, staff_out, vehicle_type) VALUES ('1d1be6d8-449c-4dc9-8e69-1aedfd992b46', '2026-05-14 08:32:38', '2026-05-14 10:25:38', '30C3-14281', '30C3-14281', 'DAILY', '383208140526', 'c030b923-5861-406e-85d6-e6828be7bc8f', @staff2, @staff2, @moto_id);
INSERT INTO parking_card (card_id) VALUES ('385506230526') ON DUPLICATE KEY UPDATE card_id=card_id;
INSERT INTO payment (payment_id, amount, create_at, payment_type) VALUES ('f15bb552-d25c-415d-85de-f0e5a5e2c9bd', 5000, '2026-05-23 09:08:38', 'PARKING');
INSERT INTO parking_record_history (history_id, entry_time, exit_time, identifier, license_plate, type, card_id, payment_id, staff_in, staff_out, vehicle_type) VALUES ('66c88f09-402a-4a31-b5c7-07e777b8fd3f', '2026-05-23 06:55:38', '2026-05-23 09:08:38', '14B1-17982', '14B1-17982', 'DAILY', '385506230526', 'f15bb552-d25c-415d-85de-f0e5a5e2c9bd', @staff2, @staff2, @scooter_id);
INSERT INTO parking_card (card_id) VALUES ('381212040626') ON DUPLICATE KEY UPDATE card_id=card_id;
INSERT INTO payment (payment_id, amount, create_at, payment_type) VALUES ('afb7b1c8-c229-4987-a167-21b4fb846504', 2000, '2026-06-04 15:27:38', 'PARKING');
INSERT INTO parking_record_history (history_id, entry_time, exit_time, identifier, license_plate, type, card_id, payment_id, staff_in, staff_out, vehicle_type) VALUES ('cf87d8d3-e9bf-4894-a739-ec5d20304dd6', '2026-06-04 12:12:38', '2026-06-04 15:27:38', 'BIKE-531', 'BIKE-531', 'DAILY', '381212040626', 'afb7b1c8-c229-4987-a167-21b4fb846504', @staff2, @staff2, @bike_id);
INSERT INTO parking_card (card_id) VALUES ('382504260526') ON DUPLICATE KEY UPDATE card_id=card_id;
INSERT INTO payment (payment_id, amount, create_at, payment_type) VALUES ('f38ffe9c-2104-4e3c-8538-91524099d388', 2000, '2026-05-26 07:25:38', 'PARKING');
INSERT INTO parking_record_history (history_id, entry_time, exit_time, identifier, license_plate, type, card_id, payment_id, staff_in, staff_out, vehicle_type) VALUES ('3dfb99bd-d666-4bfc-b9d1-5948c6119f04', '2026-05-26 04:25:38', '2026-05-26 07:25:38', 'BIKE-558', 'BIKE-558', 'DAILY', '382504260526', 'f38ffe9c-2104-4e3c-8538-91524099d388', @staff2, @staff2, @bike_id);
INSERT INTO parking_card (card_id) VALUES ('384507020626') ON DUPLICATE KEY UPDATE card_id=card_id;
INSERT INTO payment (payment_id, amount, create_at, payment_type) VALUES ('816a6822-32e9-450d-993b-65a4566d61a2', 4000, '2026-06-02 14:02:38', 'PARKING');
INSERT INTO parking_record_history (history_id, entry_time, exit_time, identifier, license_plate, type, card_id, payment_id, staff_in, staff_out, vehicle_type) VALUES ('343ae253-f6d5-4a4b-ad65-e62d3caebcdd', '2026-06-02 07:45:38', '2026-06-02 14:02:38', '88E7-50587', '88E7-50587', 'DAILY', '384507020626', '816a6822-32e9-450d-993b-65a4566d61a2', @staff1, @staff1, @moto_id);
INSERT INTO parking_card (card_id) VALUES ('380909200526') ON DUPLICATE KEY UPDATE card_id=card_id;
INSERT INTO payment (payment_id, amount, create_at, payment_type) VALUES ('be40f57f-b66a-4da6-82b0-3cecde6beecb', 2000, '2026-05-20 13:33:38', 'PARKING');
INSERT INTO parking_record_history (history_id, entry_time, exit_time, identifier, license_plate, type, card_id, payment_id, staff_in, staff_out, vehicle_type) VALUES ('620df1c7-2b12-4bcb-a970-6ffbaa565afa', '2026-05-20 09:09:38', '2026-05-20 13:33:38', 'BIKE-931', 'BIKE-931', 'DAILY', '380909200526', 'be40f57f-b66a-4da6-82b0-3cecde6beecb', @staff2, @staff2, @bike_id);
INSERT INTO parking_card (card_id) VALUES ('382512240526') ON DUPLICATE KEY UPDATE card_id=card_id;
INSERT INTO payment (payment_id, amount, create_at, payment_type) VALUES ('e0c45dd3-f05b-4ba0-8bd7-97cbf917d1d9', 5000, '2026-05-24 14:53:38', 'PARKING');
INSERT INTO parking_record_history (history_id, entry_time, exit_time, identifier, license_plate, type, card_id, payment_id, staff_in, staff_out, vehicle_type) VALUES ('26f01544-c986-4832-85d3-9614131245b0', '2026-05-24 12:25:38', '2026-05-24 14:53:38', '27C2-36332', '27C2-36332', 'DAILY', '382512240526', 'e0c45dd3-f05b-4ba0-8bd7-97cbf917d1d9', @staff1, @staff1, @scooter_id);
INSERT INTO parking_card (card_id) VALUES ('380111220526') ON DUPLICATE KEY UPDATE card_id=card_id;
INSERT INTO payment (payment_id, amount, create_at, payment_type) VALUES ('d3799741-e6ad-46f6-95a8-343082f1344f', 4000, '2026-05-22 15:56:38', 'PARKING');
INSERT INTO parking_record_history (history_id, entry_time, exit_time, identifier, license_plate, type, card_id, payment_id, staff_in, staff_out, vehicle_type) VALUES ('c85ff229-865b-458a-8447-52bf17573534', '2026-05-22 11:01:38', '2026-05-22 15:56:38', '49D5-99635', '49D5-99635', 'DAILY', '380111220526', 'd3799741-e6ad-46f6-95a8-343082f1344f', @staff2, @staff2, @moto_id);
INSERT INTO parking_card (card_id) VALUES ('385610110526') ON DUPLICATE KEY UPDATE card_id=card_id;
INSERT INTO payment (payment_id, amount, create_at, payment_type) VALUES ('aa1d61df-b07b-49d1-a7d2-39115a9daca9', 4000, '2026-05-11 12:15:38', 'PARKING');
INSERT INTO parking_record_history (history_id, entry_time, exit_time, identifier, license_plate, type, card_id, payment_id, staff_in, staff_out, vehicle_type) VALUES ('5b4e8569-869f-4eac-9df6-04ab329694d1', '2026-05-11 10:56:38', '2026-05-11 12:15:38', '63C1-29302', '63C1-29302', 'DAILY', '385610110526', 'aa1d61df-b07b-49d1-a7d2-39115a9daca9', @staff1, @staff2, @moto_id);
INSERT INTO parking_card (card_id) VALUES ('385906080526') ON DUPLICATE KEY UPDATE card_id=card_id;
INSERT INTO payment (payment_id, amount, create_at, payment_type) VALUES ('00f80ed0-160d-460a-93fd-f9ba1d6c73a1', 2000, '2026-05-08 10:55:38', 'PARKING');
INSERT INTO parking_record_history (history_id, entry_time, exit_time, identifier, license_plate, type, card_id, payment_id, staff_in, staff_out, vehicle_type) VALUES ('cd7f2b75-b4c0-4d4f-9ae7-cfd35f43f7fe', '2026-05-08 06:59:38', '2026-05-08 10:55:38', 'BIKE-365', 'BIKE-365', 'DAILY', '385906080526', '00f80ed0-160d-460a-93fd-f9ba1d6c73a1', @staff1, @staff2, @bike_id);
INSERT INTO parking_card (card_id) VALUES ('383908140526') ON DUPLICATE KEY UPDATE card_id=card_id;
INSERT INTO payment (payment_id, amount, create_at, payment_type) VALUES ('5b6b57c7-2683-4634-9c79-8d21292634bb', 2000, '2026-05-14 13:34:38', 'PARKING');
INSERT INTO parking_record_history (history_id, entry_time, exit_time, identifier, license_plate, type, card_id, payment_id, staff_in, staff_out, vehicle_type) VALUES ('83cc4ae4-564e-4fec-bb2e-3f04cec4a073', '2026-05-14 08:39:38', '2026-05-14 13:34:38', 'BIKE-163', 'BIKE-163', 'DAILY', '383908140526', '5b6b57c7-2683-4634-9c79-8d21292634bb', @staff2, @staff1, @bike_id);
INSERT INTO parking_card (card_id) VALUES ('381710010626') ON DUPLICATE KEY UPDATE card_id=card_id;
INSERT INTO payment (payment_id, amount, create_at, payment_type) VALUES ('846a620a-008f-414a-9313-9ea9f2f4e2d3', 4000, '2026-06-01 16:35:38', 'PARKING');
INSERT INTO parking_record_history (history_id, entry_time, exit_time, identifier, license_plate, type, card_id, payment_id, staff_in, staff_out, vehicle_type) VALUES ('c0a1d22b-60bd-4c56-b0d0-9a02d3481885', '2026-06-01 10:17:38', '2026-06-01 16:35:38', '64C4-73172', '64C4-73172', 'DAILY', '381710010626', '846a620a-008f-414a-9313-9ea9f2f4e2d3', @staff1, @staff2, @moto_id);
INSERT INTO parking_card (card_id) VALUES ('382612130526') ON DUPLICATE KEY UPDATE card_id=card_id;
INSERT INTO payment (payment_id, amount, create_at, payment_type) VALUES ('8c9d8744-9182-4c11-bce2-e13ebb8d6f78', 4000, '2026-05-13 15:55:38', 'PARKING');
INSERT INTO parking_record_history (history_id, entry_time, exit_time, identifier, license_plate, type, card_id, payment_id, staff_in, staff_out, vehicle_type) VALUES ('0620f098-1e80-49ef-a6ec-912120389cb5', '2026-05-13 12:26:38', '2026-05-13 15:55:38', '93C6-68814', '93C6-68814', 'DAILY', '382612130526', '8c9d8744-9182-4c11-bce2-e13ebb8d6f78', @staff2, @staff2, @moto_id);
INSERT INTO parking_card (card_id) VALUES ('382212180526') ON DUPLICATE KEY UPDATE card_id=card_id;
INSERT INTO payment (payment_id, amount, create_at, payment_type) VALUES ('6fcadf11-fca1-4843-9dc7-43ddd3414e3e', 2000, '2026-05-18 18:45:38', 'PARKING');
INSERT INTO parking_record_history (history_id, entry_time, exit_time, identifier, license_plate, type, card_id, payment_id, staff_in, staff_out, vehicle_type) VALUES ('01085ffa-e0a8-4605-a2f6-5caaf84e777d', '2026-05-18 12:22:38', '2026-05-18 18:45:38', 'BIKE-866', 'BIKE-866', 'DAILY', '382212180526', '6fcadf11-fca1-4843-9dc7-43ddd3414e3e', @staff1, @staff1, @bike_id);
INSERT INTO parking_card (card_id) VALUES ('382412260526') ON DUPLICATE KEY UPDATE card_id=card_id;
INSERT INTO payment (payment_id, amount, create_at, payment_type) VALUES ('3fe22ce1-1c59-4a18-97b4-ad4d08fcb7fd', 2000, '2026-05-26 13:33:38', 'PARKING');
INSERT INTO parking_record_history (history_id, entry_time, exit_time, identifier, license_plate, type, card_id, payment_id, staff_in, staff_out, vehicle_type) VALUES ('972e3149-a4fe-4f86-9cea-64920bef4a10', '2026-05-26 12:24:38', '2026-05-26 13:33:38', 'BIKE-280', 'BIKE-280', 'DAILY', '382412260526', '3fe22ce1-1c59-4a18-97b4-ad4d08fcb7fd', @staff1, @staff2, @bike_id);
INSERT INTO parking_card (card_id) VALUES ('385504100526') ON DUPLICATE KEY UPDATE card_id=card_id;
INSERT INTO payment (payment_id, amount, create_at, payment_type) VALUES ('f5b38532-3763-4c75-b8eb-39c50d3c91be', 2000, '2026-05-10 08:05:38', 'PARKING');
INSERT INTO parking_record_history (history_id, entry_time, exit_time, identifier, license_plate, type, card_id, payment_id, staff_in, staff_out, vehicle_type) VALUES ('7d5b053e-aa19-40f9-be9f-ed8c614ec395', '2026-05-10 04:55:38', '2026-05-10 08:05:38', 'BIKE-108', 'BIKE-108', 'DAILY', '385504100526', 'f5b38532-3763-4c75-b8eb-39c50d3c91be', @staff1, @staff2, @bike_id);
INSERT INTO parking_card (card_id) VALUES ('383211170526') ON DUPLICATE KEY UPDATE card_id=card_id;
INSERT INTO payment (payment_id, amount, create_at, payment_type) VALUES ('76e68275-7463-4294-b9ad-e9cf7291bdac', 5000, '2026-05-17 17:20:38', 'PARKING');
INSERT INTO parking_record_history (history_id, entry_time, exit_time, identifier, license_plate, type, card_id, payment_id, staff_in, staff_out, vehicle_type) VALUES ('35298cca-8e0c-424d-90df-59bd4d0ce34e', '2026-05-17 11:32:38', '2026-05-17 17:20:38', '12F5-94316', '12F5-94316', 'DAILY', '383211170526', '76e68275-7463-4294-b9ad-e9cf7291bdac', @staff1, @staff2, @scooter_id);
INSERT INTO parking_card (card_id) VALUES ('385108110526') ON DUPLICATE KEY UPDATE card_id=card_id;
INSERT INTO payment (payment_id, amount, create_at, payment_type) VALUES ('27f03542-86d8-41c0-bd10-de7c7ec10285', 4000, '2026-05-11 14:07:38', 'PARKING');
INSERT INTO parking_record_history (history_id, entry_time, exit_time, identifier, license_plate, type, card_id, payment_id, staff_in, staff_out, vehicle_type) VALUES ('3ebe8f80-4edd-4084-8a79-639435cc8e57', '2026-05-11 08:51:38', '2026-05-11 14:07:38', '67D6-91822', '67D6-91822', 'DAILY', '385108110526', '27f03542-86d8-41c0-bd10-de7c7ec10285', @staff2, @staff2, @moto_id);
INSERT INTO parking_card (card_id) VALUES ('380604230526') ON DUPLICATE KEY UPDATE card_id=card_id;
INSERT INTO payment (payment_id, amount, create_at, payment_type) VALUES ('f3b663a8-7d10-4009-bbe4-e70990ff2673', 5000, '2026-05-23 05:41:38', 'PARKING');
INSERT INTO parking_record_history (history_id, entry_time, exit_time, identifier, license_plate, type, card_id, payment_id, staff_in, staff_out, vehicle_type) VALUES ('a9dda934-de65-4746-8f41-5aa740d81d1f', '2026-05-23 04:06:38', '2026-05-23 05:41:38', '27C3-48017', '27C3-48017', 'DAILY', '380604230526', 'f3b663a8-7d10-4009-bbe4-e70990ff2673', @staff2, @staff2, @scooter_id);
INSERT INTO parking_card (card_id) VALUES ('381412250526') ON DUPLICATE KEY UPDATE card_id=card_id;
INSERT INTO payment (payment_id, amount, create_at, payment_type) VALUES ('aa2762a5-d75d-4762-8aca-3a82e139a094', 4000, '2026-05-25 18:21:38', 'PARKING');
INSERT INTO parking_record_history (history_id, entry_time, exit_time, identifier, license_plate, type, card_id, payment_id, staff_in, staff_out, vehicle_type) VALUES ('3f8a45ee-2042-4980-b7cb-5aab31ca5c6e', '2026-05-25 12:14:38', '2026-05-25 18:21:38', '39D4-40846', '39D4-40846', 'DAILY', '381412250526', 'aa2762a5-d75d-4762-8aca-3a82e139a094', @staff1, @staff1, @moto_id);
INSERT INTO parking_card (card_id) VALUES ('380904170526') ON DUPLICATE KEY UPDATE card_id=card_id;
INSERT INTO payment (payment_id, amount, create_at, payment_type) VALUES ('c297f818-de35-4140-87b6-f02f0efc157e', 4000, '2026-05-17 08:10:38', 'PARKING');
INSERT INTO parking_record_history (history_id, entry_time, exit_time, identifier, license_plate, type, card_id, payment_id, staff_in, staff_out, vehicle_type) VALUES ('7f7a3022-b9ca-40fe-8b68-001ddc352944', '2026-05-17 04:09:38', '2026-05-17 08:10:38', '29D6-51036', '29D6-51036', 'DAILY', '380904170526', 'c297f818-de35-4140-87b6-f02f0efc157e', @staff2, @staff1, @moto_id);
INSERT INTO parking_card (card_id) VALUES ('384610020626') ON DUPLICATE KEY UPDATE card_id=card_id;
INSERT INTO payment (payment_id, amount, create_at, payment_type) VALUES ('b03beec3-6585-4909-8bae-655855bc3fe4', 5000, '2026-06-02 16:43:38', 'PARKING');
INSERT INTO parking_record_history (history_id, entry_time, exit_time, identifier, license_plate, type, card_id, payment_id, staff_in, staff_out, vehicle_type) VALUES ('c83e6022-ef3d-4ada-87cd-68243eebd1f3', '2026-06-02 10:46:38', '2026-06-02 16:43:38', '13F6-82310', '13F6-82310', 'DAILY', '384610020626', 'b03beec3-6585-4909-8bae-655855bc3fe4', @staff1, @staff1, @scooter_id);
INSERT INTO parking_card (card_id) VALUES ('381508130526') ON DUPLICATE KEY UPDATE card_id=card_id;
INSERT INTO payment (payment_id, amount, create_at, payment_type) VALUES ('e1d83ca4-8a72-4ba1-b615-6e345763e1aa', 4000, '2026-05-13 13:12:38', 'PARKING');
INSERT INTO parking_record_history (history_id, entry_time, exit_time, identifier, license_plate, type, card_id, payment_id, staff_in, staff_out, vehicle_type) VALUES ('ec6fc87e-4c91-4804-ba43-f61c68c288cd', '2026-05-13 08:15:38', '2026-05-13 13:12:38', '69A2-94910', '69A2-94910', 'DAILY', '381508130526', 'e1d83ca4-8a72-4ba1-b615-6e345763e1aa', @staff1, @staff2, @moto_id);
INSERT INTO parking_card (card_id) VALUES ('382212110526') ON DUPLICATE KEY UPDATE card_id=card_id;
INSERT INTO payment (payment_id, amount, create_at, payment_type) VALUES ('b51e935b-d203-45d3-82d7-18651c0903dc', 5000, '2026-05-11 15:50:38', 'PARKING');
INSERT INTO parking_record_history (history_id, entry_time, exit_time, identifier, license_plate, type, card_id, payment_id, staff_in, staff_out, vehicle_type) VALUES ('8efe37a8-2e8f-48d8-a363-72159db8d905', '2026-05-11 12:22:38', '2026-05-11 15:50:38', '18E8-47547', '18E8-47547', 'DAILY', '382212110526', 'b51e935b-d203-45d3-82d7-18651c0903dc', @staff2, @staff2, @scooter_id);
INSERT INTO parking_card (card_id) VALUES ('380212040626') ON DUPLICATE KEY UPDATE card_id=card_id;
INSERT INTO payment (payment_id, amount, create_at, payment_type) VALUES ('eb3f31f6-d07c-4a86-9bd8-72788a601b68', 4000, '2026-06-04 13:51:38', 'PARKING');
INSERT INTO parking_record_history (history_id, entry_time, exit_time, identifier, license_plate, type, card_id, payment_id, staff_in, staff_out, vehicle_type) VALUES ('d848dbdf-c7cf-4130-b3bf-b36c244b9e0e', '2026-06-04 12:02:38', '2026-06-04 13:51:38', '19C5-47138', '19C5-47138', 'DAILY', '380212040626', 'eb3f31f6-d07c-4a86-9bd8-72788a601b68', @staff1, @staff1, @moto_id);
INSERT INTO parking_card (card_id) VALUES ('385104050626') ON DUPLICATE KEY UPDATE card_id=card_id;
INSERT INTO payment (payment_id, amount, create_at, payment_type) VALUES ('bb2a5351-d5e2-4a82-a325-5cc5bfefb570', 2000, '2026-06-05 11:02:38', 'PARKING');
INSERT INTO parking_record_history (history_id, entry_time, exit_time, identifier, license_plate, type, card_id, payment_id, staff_in, staff_out, vehicle_type) VALUES ('93d4016e-d5f2-45ed-b583-3d62d7ae802d', '2026-06-05 04:51:38', '2026-06-05 11:02:38', 'BIKE-419', 'BIKE-419', 'DAILY', '385104050626', 'bb2a5351-d5e2-4a82-a325-5cc5bfefb570', @staff1, @staff2, @bike_id);
INSERT INTO parking_card (card_id) VALUES ('382203010626') ON DUPLICATE KEY UPDATE card_id=card_id;
INSERT INTO payment (payment_id, amount, create_at, payment_type) VALUES ('392dc4c1-e89d-4c78-8397-e173c7fa4a58', 2000, '2026-06-01 09:30:38', 'PARKING');
INSERT INTO parking_record_history (history_id, entry_time, exit_time, identifier, license_plate, type, card_id, payment_id, staff_in, staff_out, vehicle_type) VALUES ('2418e6ae-2693-4dcf-ae4d-e07fb45e8f47', '2026-06-01 03:22:38', '2026-06-01 09:30:38', 'BIKE-334', 'BIKE-334', 'DAILY', '382203010626', '392dc4c1-e89d-4c78-8397-e173c7fa4a58', @staff2, @staff2, @bike_id);
INSERT INTO parking_card (card_id) VALUES ('384006090526') ON DUPLICATE KEY UPDATE card_id=card_id;
INSERT INTO payment (payment_id, amount, create_at, payment_type) VALUES ('7bdd75da-3c3f-48d1-9448-e2086eeb7094', 2000, '2026-05-09 09:57:38', 'PARKING');
INSERT INTO parking_record_history (history_id, entry_time, exit_time, identifier, license_plate, type, card_id, payment_id, staff_in, staff_out, vehicle_type) VALUES ('044b8b27-61d3-477f-b80e-f1a0ba82b599', '2026-05-09 06:40:38', '2026-05-09 09:57:38', 'BIKE-464', 'BIKE-464', 'DAILY', '384006090526', '7bdd75da-3c3f-48d1-9448-e2086eeb7094', @staff2, @staff2, @bike_id);
INSERT INTO parking_card (card_id) VALUES ('385309100526') ON DUPLICATE KEY UPDATE card_id=card_id;
INSERT INTO payment (payment_id, amount, create_at, payment_type) VALUES ('24b11d54-1127-4be8-be39-13db1b6ccafe', 5000, '2026-05-10 10:37:38', 'PARKING');
INSERT INTO parking_record_history (history_id, entry_time, exit_time, identifier, license_plate, type, card_id, payment_id, staff_in, staff_out, vehicle_type) VALUES ('a3e19d45-b5a1-4aad-97ab-4b0637487d60', '2026-05-10 09:53:38', '2026-05-10 10:37:38', '25D9-46584', '25D9-46584', 'DAILY', '385309100526', '24b11d54-1127-4be8-be39-13db1b6ccafe', @staff2, @staff2, @scooter_id);
INSERT INTO parking_card (card_id) VALUES ('380812030626') ON DUPLICATE KEY UPDATE card_id=card_id;
INSERT INTO payment (payment_id, amount, create_at, payment_type) VALUES ('f09f841a-b453-4baa-8ca3-bdd0d7f9ad49', 4000, '2026-06-03 17:37:38', 'PARKING');
INSERT INTO parking_record_history (history_id, entry_time, exit_time, identifier, license_plate, type, card_id, payment_id, staff_in, staff_out, vehicle_type) VALUES ('ce94066b-8bbb-490b-9bb3-47c0525b6319', '2026-06-03 12:08:38', '2026-06-03 17:37:38', '81B8-61642', '81B8-61642', 'DAILY', '380812030626', 'f09f841a-b453-4baa-8ca3-bdd0d7f9ad49', @staff2, @staff2, @moto_id);
INSERT INTO parking_card (card_id) VALUES ('382403240526') ON DUPLICATE KEY UPDATE card_id=card_id;
INSERT INTO payment (payment_id, amount, create_at, payment_type) VALUES ('5d63d67f-df6e-41d3-8946-39a41cc986e5', 2000, '2026-05-24 06:14:38', 'PARKING');
INSERT INTO parking_record_history (history_id, entry_time, exit_time, identifier, license_plate, type, card_id, payment_id, staff_in, staff_out, vehicle_type) VALUES ('148bb631-860e-4b92-ad43-4cb6ace80d8c', '2026-05-24 03:24:38', '2026-05-24 06:14:38', 'BIKE-207', 'BIKE-207', 'DAILY', '382403240526', '5d63d67f-df6e-41d3-8946-39a41cc986e5', @staff1, @staff1, @bike_id);
INSERT INTO parking_card (card_id) VALUES ('384510260526') ON DUPLICATE KEY UPDATE card_id=card_id;
INSERT INTO payment (payment_id, amount, create_at, payment_type) VALUES ('26161b94-c7a6-4e96-8a27-4adc39ac192f', 2000, '2026-05-26 11:23:38', 'PARKING');
INSERT INTO parking_record_history (history_id, entry_time, exit_time, identifier, license_plate, type, card_id, payment_id, staff_in, staff_out, vehicle_type) VALUES ('8eb4633b-ea9c-4a29-b7d1-a64e4faeceee', '2026-05-26 10:45:38', '2026-05-26 11:23:38', 'BIKE-192', 'BIKE-192', 'DAILY', '384510260526', '26161b94-c7a6-4e96-8a27-4adc39ac192f', @staff2, @staff1, @bike_id);
INSERT INTO parking_card (card_id) VALUES ('381207190526') ON DUPLICATE KEY UPDATE card_id=card_id;
INSERT INTO payment (payment_id, amount, create_at, payment_type) VALUES ('04b89be5-1c5b-40ed-a6d8-84e4b135faa6', 5000, '2026-05-19 09:45:38', 'PARKING');
INSERT INTO parking_record_history (history_id, entry_time, exit_time, identifier, license_plate, type, card_id, payment_id, staff_in, staff_out, vehicle_type) VALUES ('1ef43483-1f3e-414a-90e4-30e5dd7326c5', '2026-05-19 07:12:38', '2026-05-19 09:45:38', '76C6-88516', '76C6-88516', 'DAILY', '381207190526', '04b89be5-1c5b-40ed-a6d8-84e4b135faa6', @staff2, @staff2, @scooter_id);
INSERT INTO parking_card (card_id) VALUES ('385406180526') ON DUPLICATE KEY UPDATE card_id=card_id;
INSERT INTO payment (payment_id, amount, create_at, payment_type) VALUES ('ac1f2bc1-b9af-44f4-8339-4a966e80c20d', 5000, '2026-05-18 10:18:38', 'PARKING');
INSERT INTO parking_record_history (history_id, entry_time, exit_time, identifier, license_plate, type, card_id, payment_id, staff_in, staff_out, vehicle_type) VALUES ('5fbc0748-278b-4154-aec9-aecff30420bd', '2026-05-18 06:54:38', '2026-05-18 10:18:38', '61C3-29098', '61C3-29098', 'DAILY', '385406180526', 'ac1f2bc1-b9af-44f4-8339-4a966e80c20d', @staff1, @staff1, @scooter_id);
INSERT INTO parking_card (card_id) VALUES ('384304090526') ON DUPLICATE KEY UPDATE card_id=card_id;
INSERT INTO payment (payment_id, amount, create_at, payment_type) VALUES ('eae598b6-61e0-4b71-bd33-70026543eab1', 4000, '2026-05-09 10:22:38', 'PARKING');
INSERT INTO parking_record_history (history_id, entry_time, exit_time, identifier, license_plate, type, card_id, payment_id, staff_in, staff_out, vehicle_type) VALUES ('6ef9a613-7552-4fc0-9662-002d2fa1e49f', '2026-05-09 04:43:38', '2026-05-09 10:22:38', '23E5-93352', '23E5-93352', 'DAILY', '384304090526', 'eae598b6-61e0-4b71-bd33-70026543eab1', @staff2, @staff2, @moto_id);
INSERT INTO parking_card (card_id) VALUES ('380409090526') ON DUPLICATE KEY UPDATE card_id=card_id;
INSERT INTO payment (payment_id, amount, create_at, payment_type) VALUES ('092a5c5b-294c-47ee-89dd-a51cc85447c5', 4000, '2026-05-09 12:33:38', 'PARKING');
INSERT INTO parking_record_history (history_id, entry_time, exit_time, identifier, license_plate, type, card_id, payment_id, staff_in, staff_out, vehicle_type) VALUES ('7d24f094-a122-4b36-b311-f8a09699cdc3', '2026-05-09 09:04:38', '2026-05-09 12:33:38', '19A1-37545', '19A1-37545', 'DAILY', '380409090526', '092a5c5b-294c-47ee-89dd-a51cc85447c5', @staff2, @staff2, @moto_id);
INSERT INTO parking_card (card_id) VALUES ('381203140526') ON DUPLICATE KEY UPDATE card_id=card_id;
INSERT INTO payment (payment_id, amount, create_at, payment_type) VALUES ('82c6871e-2cc9-4dc9-a3bd-85c63ce27798', 5000, '2026-05-14 04:11:38', 'PARKING');
INSERT INTO parking_record_history (history_id, entry_time, exit_time, identifier, license_plate, type, card_id, payment_id, staff_in, staff_out, vehicle_type) VALUES ('7ae81d4c-a7bd-4670-9e65-7801fb5bee6e', '2026-05-14 03:12:38', '2026-05-14 04:11:38', '60A7-43571', '60A7-43571', 'DAILY', '381203140526', '82c6871e-2cc9-4dc9-a3bd-85c63ce27798', @staff1, @staff1, @scooter_id);
INSERT INTO parking_card (card_id) VALUES ('384005290526') ON DUPLICATE KEY UPDATE card_id=card_id;
INSERT INTO payment (payment_id, amount, create_at, payment_type) VALUES ('82ff0586-0d58-456c-993b-fc0be0153473', 4000, '2026-05-29 07:02:38', 'PARKING');
INSERT INTO parking_record_history (history_id, entry_time, exit_time, identifier, license_plate, type, card_id, payment_id, staff_in, staff_out, vehicle_type) VALUES ('d525a564-f853-44ef-94f4-5d350389152b', '2026-05-29 05:40:38', '2026-05-29 07:02:38', '77B9-82569', '77B9-82569', 'DAILY', '384005290526', '82ff0586-0d58-456c-993b-fc0be0153473', @staff1, @staff1, @moto_id);
INSERT INTO parking_card (card_id) VALUES ('380407010626') ON DUPLICATE KEY UPDATE card_id=card_id;
INSERT INTO payment (payment_id, amount, create_at, payment_type) VALUES ('94fcaf93-56c2-4bc1-b401-9b756dafdd53', 5000, '2026-06-01 12:21:38', 'PARKING');
INSERT INTO parking_record_history (history_id, entry_time, exit_time, identifier, license_plate, type, card_id, payment_id, staff_in, staff_out, vehicle_type) VALUES ('7acb31f5-62d5-49ee-ac01-6eb67af7bec9', '2026-06-01 07:04:38', '2026-06-01 12:21:38', '13D3-65301', '13D3-65301', 'DAILY', '380407010626', '94fcaf93-56c2-4bc1-b401-9b756dafdd53', @staff1, @staff2, @scooter_id);
INSERT INTO parking_card (card_id) VALUES ('381710200526') ON DUPLICATE KEY UPDATE card_id=card_id;
INSERT INTO payment (payment_id, amount, create_at, payment_type) VALUES ('731bd141-f5a8-4ba3-8836-8800139e175a', 2000, '2026-05-20 11:43:38', 'PARKING');
INSERT INTO parking_record_history (history_id, entry_time, exit_time, identifier, license_plate, type, card_id, payment_id, staff_in, staff_out, vehicle_type) VALUES ('ce516963-a318-4791-b804-c9ddf66380e7', '2026-05-20 10:17:38', '2026-05-20 11:43:38', 'BIKE-925', 'BIKE-925', 'DAILY', '381710200526', '731bd141-f5a8-4ba3-8836-8800139e175a', @staff2, @staff2, @bike_id);
INSERT INTO parking_card (card_id) VALUES ('382207020626') ON DUPLICATE KEY UPDATE card_id=card_id;
INSERT INTO payment (payment_id, amount, create_at, payment_type) VALUES ('b0da8337-b8a3-4756-9061-67ecd36fb221', 4000, '2026-06-02 08:12:38', 'PARKING');
INSERT INTO parking_record_history (history_id, entry_time, exit_time, identifier, license_plate, type, card_id, payment_id, staff_in, staff_out, vehicle_type) VALUES ('05ed090a-7c21-41bf-8490-4f2156fbed91', '2026-06-02 07:22:38', '2026-06-02 08:12:38', '49A8-37534', '49A8-37534', 'DAILY', '382207020626', 'b0da8337-b8a3-4756-9061-67ecd36fb221', @staff1, @staff2, @moto_id);
INSERT INTO parking_card (card_id) VALUES ('380104020626') ON DUPLICATE KEY UPDATE card_id=card_id;
INSERT INTO payment (payment_id, amount, create_at, payment_type) VALUES ('f0b7bda3-4ed2-42a8-b95a-b9a12ee6fce3', 5000, '2026-06-02 08:08:38', 'PARKING');
INSERT INTO parking_record_history (history_id, entry_time, exit_time, identifier, license_plate, type, card_id, payment_id, staff_in, staff_out, vehicle_type) VALUES ('6999cb0b-188b-40b5-beef-87b55f51442c', '2026-06-02 04:01:38', '2026-06-02 08:08:38', '46A5-70660', '46A5-70660', 'DAILY', '380104020626', 'f0b7bda3-4ed2-42a8-b95a-b9a12ee6fce3', @staff1, @staff2, @scooter_id);
INSERT INTO parking_card (card_id) VALUES ('383407210526') ON DUPLICATE KEY UPDATE card_id=card_id;
INSERT INTO payment (payment_id, amount, create_at, payment_type) VALUES ('491b3b6f-9f46-4213-b408-cb62120b9f00', 2000, '2026-05-21 13:51:38', 'PARKING');
INSERT INTO parking_record_history (history_id, entry_time, exit_time, identifier, license_plate, type, card_id, payment_id, staff_in, staff_out, vehicle_type) VALUES ('fd3c300b-ff07-44b5-a6b5-0fbfb0f56f56', '2026-05-21 07:34:38', '2026-05-21 13:51:38', 'BIKE-977', 'BIKE-977', 'DAILY', '383407210526', '491b3b6f-9f46-4213-b408-cb62120b9f00', @staff2, @staff2, @bike_id);
INSERT INTO parking_card (card_id) VALUES ('383809170526') ON DUPLICATE KEY UPDATE card_id=card_id;
INSERT INTO payment (payment_id, amount, create_at, payment_type) VALUES ('b06893ab-d872-46eb-bcff-def159cedb19', 5000, '2026-05-17 14:30:38', 'PARKING');
INSERT INTO parking_record_history (history_id, entry_time, exit_time, identifier, license_plate, type, card_id, payment_id, staff_in, staff_out, vehicle_type) VALUES ('30752c43-b9ba-4703-9311-ff8b8e7bf02e', '2026-05-17 09:38:38', '2026-05-17 14:30:38', '29F5-58351', '29F5-58351', 'DAILY', '383809170526', 'b06893ab-d872-46eb-bcff-def159cedb19', @staff1, @staff1, @scooter_id);
INSERT INTO parking_card (card_id) VALUES ('381305010626') ON DUPLICATE KEY UPDATE card_id=card_id;
INSERT INTO payment (payment_id, amount, create_at, payment_type) VALUES ('ed46e0ce-3806-4041-896c-5786c4893036', 4000, '2026-06-01 05:52:38', 'PARKING');
INSERT INTO parking_record_history (history_id, entry_time, exit_time, identifier, license_plate, type, card_id, payment_id, staff_in, staff_out, vehicle_type) VALUES ('4bc54803-7776-4b6f-a8eb-92bc885e3b3a', '2026-06-01 05:13:38', '2026-06-01 05:52:38', '81E1-53593', '81E1-53593', 'DAILY', '381305010626', 'ed46e0ce-3806-4041-896c-5786c4893036', @staff2, @staff1, @moto_id);
INSERT INTO parking_card (card_id) VALUES ('383604160526') ON DUPLICATE KEY UPDATE card_id=card_id;
INSERT INTO payment (payment_id, amount, create_at, payment_type) VALUES ('38543895-2eed-4a65-8814-07a2174544e2', 2000, '2026-05-16 10:05:38', 'PARKING');
INSERT INTO parking_record_history (history_id, entry_time, exit_time, identifier, license_plate, type, card_id, payment_id, staff_in, staff_out, vehicle_type) VALUES ('9648e301-e304-4eb1-9a3b-1db1b93ea7a4', '2026-05-16 04:36:38', '2026-05-16 10:05:38', 'BIKE-107', 'BIKE-107', 'DAILY', '383604160526', '38543895-2eed-4a65-8814-07a2174544e2', @staff1, @staff1, @bike_id);
INSERT INTO parking_card (card_id) VALUES ('381804060626') ON DUPLICATE KEY UPDATE card_id=card_id;
INSERT INTO payment (payment_id, amount, create_at, payment_type) VALUES ('004b355d-8b37-4bab-9259-13a94f9e3576', 4000, '2026-06-06 05:25:38', 'PARKING');
INSERT INTO parking_record_history (history_id, entry_time, exit_time, identifier, license_plate, type, card_id, payment_id, staff_in, staff_out, vehicle_type) VALUES ('c6425d9e-3823-41a3-af68-7010decb4c86', '2026-06-06 04:18:38', '2026-06-06 05:25:38', '50A3-97486', '50A3-97486', 'DAILY', '381804060626', '004b355d-8b37-4bab-9259-13a94f9e3576', @staff1, @staff1, @moto_id);
INSERT INTO parking_card (card_id) VALUES ('380112260526') ON DUPLICATE KEY UPDATE card_id=card_id;
INSERT INTO payment (payment_id, amount, create_at, payment_type) VALUES ('7657cade-7e3b-4944-9cf0-fe9a95f04306', 2000, '2026-05-26 17:27:38', 'PARKING');
INSERT INTO parking_record_history (history_id, entry_time, exit_time, identifier, license_plate, type, card_id, payment_id, staff_in, staff_out, vehicle_type) VALUES ('b071466e-474a-4576-bddb-d47567937778', '2026-05-26 12:01:38', '2026-05-26 17:27:38', 'BIKE-954', 'BIKE-954', 'DAILY', '380112260526', '7657cade-7e3b-4944-9cf0-fe9a95f04306', @staff2, @staff2, @bike_id);
INSERT INTO parking_card (card_id) VALUES ('380609260526') ON DUPLICATE KEY UPDATE card_id=card_id;
INSERT INTO payment (payment_id, amount, create_at, payment_type) VALUES ('043b5a57-d865-452e-85dc-fadb10ec6ba8', 4000, '2026-05-26 13:52:38', 'PARKING');
INSERT INTO parking_record_history (history_id, entry_time, exit_time, identifier, license_plate, type, card_id, payment_id, staff_in, staff_out, vehicle_type) VALUES ('960d4888-8362-49b6-a64c-08ea5f221707', '2026-05-26 09:06:38', '2026-05-26 13:52:38', '23D4-84385', '23D4-84385', 'DAILY', '380609260526', '043b5a57-d865-452e-85dc-fadb10ec6ba8', @staff1, @staff1, @moto_id);
INSERT INTO parking_card (card_id) VALUES ('385311250526') ON DUPLICATE KEY UPDATE card_id=card_id;
INSERT INTO payment (payment_id, amount, create_at, payment_type) VALUES ('09a679e1-af5b-42b3-9b91-572679b157e9', 5000, '2026-05-25 18:01:38', 'PARKING');
INSERT INTO parking_record_history (history_id, entry_time, exit_time, identifier, license_plate, type, card_id, payment_id, staff_in, staff_out, vehicle_type) VALUES ('0dc702ad-a17c-48a6-9a50-fae114eff4ee', '2026-05-25 11:53:38', '2026-05-25 18:01:38', '71F4-49672', '71F4-49672', 'DAILY', '385311250526', '09a679e1-af5b-42b3-9b91-572679b157e9', @staff2, @staff1, @scooter_id);
INSERT INTO parking_card (card_id) VALUES ('384007290526') ON DUPLICATE KEY UPDATE card_id=card_id;
INSERT INTO payment (payment_id, amount, create_at, payment_type) VALUES ('7ab5155f-cfbc-4d38-80d6-16ef03ab9b91', 2000, '2026-05-29 10:14:38', 'PARKING');
INSERT INTO parking_record_history (history_id, entry_time, exit_time, identifier, license_plate, type, card_id, payment_id, staff_in, staff_out, vehicle_type) VALUES ('8294a34e-6d9d-4b51-9845-da85bda3a213', '2026-05-29 07:40:38', '2026-05-29 10:14:38', 'BIKE-590', 'BIKE-590', 'DAILY', '384007290526', '7ab5155f-cfbc-4d38-80d6-16ef03ab9b91', @staff2, @staff1, @bike_id);
INSERT INTO parking_card (card_id) VALUES ('380307290526') ON DUPLICATE KEY UPDATE card_id=card_id;
INSERT INTO payment (payment_id, amount, create_at, payment_type) VALUES ('63821bed-87bf-4be2-b650-9c32c3b65394', 2000, '2026-05-29 10:44:38', 'PARKING');
INSERT INTO parking_record_history (history_id, entry_time, exit_time, identifier, license_plate, type, card_id, payment_id, staff_in, staff_out, vehicle_type) VALUES ('d9dba715-2bbc-48d2-a0c3-29b974313706', '2026-05-29 07:03:38', '2026-05-29 10:44:38', 'BIKE-265', 'BIKE-265', 'DAILY', '380307290526', '63821bed-87bf-4be2-b650-9c32c3b65394', @staff1, @staff2, @bike_id);
INSERT INTO parking_card (card_id) VALUES ('381004130526') ON DUPLICATE KEY UPDATE card_id=card_id;
INSERT INTO payment (payment_id, amount, create_at, payment_type) VALUES ('108e3a7f-4edf-4bd6-b407-294c4d31e0f1', 5000, '2026-05-13 08:01:38', 'PARKING');
INSERT INTO parking_record_history (history_id, entry_time, exit_time, identifier, license_plate, type, card_id, payment_id, staff_in, staff_out, vehicle_type) VALUES ('032a0c8b-2034-4537-a331-8ab84864ec2b', '2026-05-13 04:10:38', '2026-05-13 08:01:38', '74A5-55268', '74A5-55268', 'DAILY', '381004130526', '108e3a7f-4edf-4bd6-b407-294c4d31e0f1', @staff1, @staff1, @scooter_id);
INSERT INTO parking_card (card_id) VALUES ('380805290526') ON DUPLICATE KEY UPDATE card_id=card_id;
INSERT INTO payment (payment_id, amount, create_at, payment_type) VALUES ('9b06a77d-9746-4c17-8419-5f2bda75d364', 5000, '2026-05-29 09:57:38', 'PARKING');
INSERT INTO parking_record_history (history_id, entry_time, exit_time, identifier, license_plate, type, card_id, payment_id, staff_in, staff_out, vehicle_type) VALUES ('d9ea93c4-5851-4508-9bc4-9939d7c123af', '2026-05-29 05:08:38', '2026-05-29 09:57:38', '37A4-13121', '37A4-13121', 'DAILY', '380805290526', '9b06a77d-9746-4c17-8419-5f2bda75d364', @staff1, @staff2, @scooter_id);
INSERT INTO parking_card (card_id) VALUES ('382906220526') ON DUPLICATE KEY UPDATE card_id=card_id;
INSERT INTO payment (payment_id, amount, create_at, payment_type) VALUES ('62b8c8c7-0c58-4d9f-9a8c-ad4f786ad3dd', 2000, '2026-05-22 08:51:38', 'PARKING');
INSERT INTO parking_record_history (history_id, entry_time, exit_time, identifier, license_plate, type, card_id, payment_id, staff_in, staff_out, vehicle_type) VALUES ('aa42ca67-8074-4963-b8f4-aac9cd9e28f0', '2026-05-22 06:29:38', '2026-05-22 08:51:38', 'BIKE-863', 'BIKE-863', 'DAILY', '382906220526', '62b8c8c7-0c58-4d9f-9a8c-ad4f786ad3dd', @staff2, @staff2, @bike_id);
INSERT INTO parking_card (card_id) VALUES ('380108010626') ON DUPLICATE KEY UPDATE card_id=card_id;
INSERT INTO payment (payment_id, amount, create_at, payment_type) VALUES ('81a217dd-6285-4c30-afad-48bc920612e2', 5000, '2026-06-01 09:40:38', 'PARKING');
INSERT INTO parking_record_history (history_id, entry_time, exit_time, identifier, license_plate, type, card_id, payment_id, staff_in, staff_out, vehicle_type) VALUES ('b26da3ff-b1fe-404e-a56e-f8c2f756888c', '2026-06-01 08:01:38', '2026-06-01 09:40:38', '12B7-98684', '12B7-98684', 'DAILY', '380108010626', '81a217dd-6285-4c30-afad-48bc920612e2', @staff1, @staff2, @scooter_id);
INSERT INTO parking_card (card_id) VALUES ('380903220526') ON DUPLICATE KEY UPDATE card_id=card_id;
INSERT INTO payment (payment_id, amount, create_at, payment_type) VALUES ('ad8744f7-342d-470a-8e08-63c639370560', 5000, '2026-05-22 07:25:38', 'PARKING');
INSERT INTO parking_record_history (history_id, entry_time, exit_time, identifier, license_plate, type, card_id, payment_id, staff_in, staff_out, vehicle_type) VALUES ('1204b0fc-55cd-489a-a5f7-e448f08689b8', '2026-05-22 03:09:38', '2026-05-22 07:25:38', '40B5-87931', '40B5-87931', 'DAILY', '380903220526', 'ad8744f7-342d-470a-8e08-63c639370560', @staff2, @staff2, @scooter_id);
INSERT INTO parking_card (card_id) VALUES ('385805250526') ON DUPLICATE KEY UPDATE card_id=card_id;
INSERT INTO payment (payment_id, amount, create_at, payment_type) VALUES ('73a0b84d-e95f-4667-baba-66b715f7cc7e', 2000, '2026-05-25 11:51:38', 'PARKING');
INSERT INTO parking_record_history (history_id, entry_time, exit_time, identifier, license_plate, type, card_id, payment_id, staff_in, staff_out, vehicle_type) VALUES ('67913b54-5057-4c2a-9f5b-87c56e581f45', '2026-05-25 05:58:38', '2026-05-25 11:51:38', 'BIKE-748', 'BIKE-748', 'DAILY', '385805250526', '73a0b84d-e95f-4667-baba-66b715f7cc7e', @staff1, @staff2, @bike_id);
INSERT INTO parking_card (card_id) VALUES ('381911180526') ON DUPLICATE KEY UPDATE card_id=card_id;
INSERT INTO payment (payment_id, amount, create_at, payment_type) VALUES ('37fe6dbd-fec5-41e8-9fef-5f964515b8d9', 5000, '2026-05-18 13:41:38', 'PARKING');
INSERT INTO parking_record_history (history_id, entry_time, exit_time, identifier, license_plate, type, card_id, payment_id, staff_in, staff_out, vehicle_type) VALUES ('5b47a4df-7f83-456c-ab68-9c14f57209a1', '2026-05-18 11:19:38', '2026-05-18 13:41:38', '75A5-69889', '75A5-69889', 'DAILY', '381911180526', '37fe6dbd-fec5-41e8-9fef-5f964515b8d9', @staff1, @staff2, @scooter_id);
INSERT INTO parking_card (card_id) VALUES ('380503060626') ON DUPLICATE KEY UPDATE card_id=card_id;
INSERT INTO payment (payment_id, amount, create_at, payment_type) VALUES ('260dfdd0-c4f4-4e8c-a38a-1e561cbba73e', 2000, '2026-06-06 09:41:38', 'PARKING');
INSERT INTO parking_record_history (history_id, entry_time, exit_time, identifier, license_plate, type, card_id, payment_id, staff_in, staff_out, vehicle_type) VALUES ('290be851-ac4d-4677-a784-377cd021f978', '2026-06-06 03:05:38', '2026-06-06 09:41:38', 'BIKE-849', 'BIKE-849', 'DAILY', '380503060626', '260dfdd0-c4f4-4e8c-a38a-1e561cbba73e', @staff2, @staff2, @bike_id);
INSERT INTO parking_card (card_id) VALUES ('385109130526') ON DUPLICATE KEY UPDATE card_id=card_id;
INSERT INTO payment (payment_id, amount, create_at, payment_type) VALUES ('756b4350-1cbe-4472-a79a-5d8140a9406b', 5000, '2026-05-13 12:58:38', 'PARKING');
INSERT INTO parking_record_history (history_id, entry_time, exit_time, identifier, license_plate, type, card_id, payment_id, staff_in, staff_out, vehicle_type) VALUES ('b0537db7-f2f2-41ff-8fa7-848ae59f9a6c', '2026-05-13 09:51:38', '2026-05-13 12:58:38', '46F6-13101', '46F6-13101', 'DAILY', '385109130526', '756b4350-1cbe-4472-a79a-5d8140a9406b', @staff1, @staff2, @scooter_id);
INSERT INTO parking_card (card_id) VALUES ('385103290526') ON DUPLICATE KEY UPDATE card_id=card_id;
INSERT INTO payment (payment_id, amount, create_at, payment_type) VALUES ('9eea332d-e4e4-4d8b-95e5-e30832da92c3', 4000, '2026-05-29 05:31:38', 'PARKING');
INSERT INTO parking_record_history (history_id, entry_time, exit_time, identifier, license_plate, type, card_id, payment_id, staff_in, staff_out, vehicle_type) VALUES ('d83ffec3-45df-4992-9552-7c23d8c11c31', '2026-05-29 03:51:38', '2026-05-29 05:31:38', '52D9-27605', '52D9-27605', 'DAILY', '385103290526', '9eea332d-e4e4-4d8b-95e5-e30832da92c3', @staff2, @staff2, @moto_id);
INSERT INTO parking_card (card_id) VALUES ('384204270526') ON DUPLICATE KEY UPDATE card_id=card_id;
INSERT INTO payment (payment_id, amount, create_at, payment_type) VALUES ('0d18a15b-dc58-435c-aed1-fe60dcf8263f', 4000, '2026-05-27 08:38:38', 'PARKING');
INSERT INTO parking_record_history (history_id, entry_time, exit_time, identifier, license_plate, type, card_id, payment_id, staff_in, staff_out, vehicle_type) VALUES ('15f7bd89-b3d9-4bc5-ae78-ce657b5b4beb', '2026-05-27 04:42:38', '2026-05-27 08:38:38', '75C6-24266', '75C6-24266', 'DAILY', '384204270526', '0d18a15b-dc58-435c-aed1-fe60dcf8263f', @staff1, @staff2, @moto_id);
INSERT INTO parking_card (card_id) VALUES ('382906120526') ON DUPLICATE KEY UPDATE card_id=card_id;
INSERT INTO payment (payment_id, amount, create_at, payment_type) VALUES ('96de56a1-ef39-42b5-b221-5e5a08df3874', 4000, '2026-05-12 09:54:38', 'PARKING');
INSERT INTO parking_record_history (history_id, entry_time, exit_time, identifier, license_plate, type, card_id, payment_id, staff_in, staff_out, vehicle_type) VALUES ('36e643c6-9987-4d53-9e9b-1c171668d2e2', '2026-05-12 06:29:38', '2026-05-12 09:54:38', '92D9-93028', '92D9-93028', 'DAILY', '382906120526', '96de56a1-ef39-42b5-b221-5e5a08df3874', @staff2, @staff2, @moto_id);
INSERT INTO parking_card (card_id) VALUES ('385907210526') ON DUPLICATE KEY UPDATE card_id=card_id;
INSERT INTO payment (payment_id, amount, create_at, payment_type) VALUES ('fbce39d6-982b-443c-ac9b-c976ea85726e', 2000, '2026-05-21 13:03:38', 'PARKING');
INSERT INTO parking_record_history (history_id, entry_time, exit_time, identifier, license_plate, type, card_id, payment_id, staff_in, staff_out, vehicle_type) VALUES ('fa109ae1-02fc-4242-85fd-f4b2f48fd3a0', '2026-05-21 07:59:38', '2026-05-21 13:03:38', 'BIKE-825', 'BIKE-825', 'DAILY', '385907210526', 'fbce39d6-982b-443c-ac9b-c976ea85726e', @staff2, @staff2, @bike_id);
INSERT INTO parking_card (card_id) VALUES ('380608190526') ON DUPLICATE KEY UPDATE card_id=card_id;
INSERT INTO payment (payment_id, amount, create_at, payment_type) VALUES ('e1729b52-bb02-46b0-bcb6-70e56260c400', 5000, '2026-05-19 13:27:38', 'PARKING');
INSERT INTO parking_record_history (history_id, entry_time, exit_time, identifier, license_plate, type, card_id, payment_id, staff_in, staff_out, vehicle_type) VALUES ('584a6755-24d0-4709-967f-9819c8fa7c84', '2026-05-19 08:06:38', '2026-05-19 13:27:38', '14C2-85410', '14C2-85410', 'DAILY', '380608190526', 'e1729b52-bb02-46b0-bcb6-70e56260c400', @staff1, @staff1, @scooter_id);
INSERT INTO parking_card (card_id) VALUES ('381512240526') ON DUPLICATE KEY UPDATE card_id=card_id;
INSERT INTO payment (payment_id, amount, create_at, payment_type) VALUES ('29036aaf-59cf-49ce-900c-1fe735edc6cf', 5000, '2026-05-24 14:55:38', 'PARKING');
INSERT INTO parking_record_history (history_id, entry_time, exit_time, identifier, license_plate, type, card_id, payment_id, staff_in, staff_out, vehicle_type) VALUES ('0284447b-252b-4aa5-8cc2-2d01de1de6b9', '2026-05-24 12:15:38', '2026-05-24 14:55:38', '45D2-32832', '45D2-32832', 'DAILY', '381512240526', '29036aaf-59cf-49ce-900c-1fe735edc6cf', @staff1, @staff2, @scooter_id);
INSERT INTO parking_card (card_id) VALUES ('380303120526') ON DUPLICATE KEY UPDATE card_id=card_id;
INSERT INTO payment (payment_id, amount, create_at, payment_type) VALUES ('3137e82b-9411-495f-bb66-9245afa0fd3e', 4000, '2026-05-12 04:06:38', 'PARKING');
INSERT INTO parking_record_history (history_id, entry_time, exit_time, identifier, license_plate, type, card_id, payment_id, staff_in, staff_out, vehicle_type) VALUES ('485fbd6e-b808-4922-b084-188d072f1fae', '2026-05-12 03:03:38', '2026-05-12 04:06:38', '20E8-69957', '20E8-69957', 'DAILY', '380303120526', '3137e82b-9411-495f-bb66-9245afa0fd3e', @staff2, @staff2, @moto_id);
INSERT INTO parking_card (card_id) VALUES ('385911080526') ON DUPLICATE KEY UPDATE card_id=card_id;
INSERT INTO payment (payment_id, amount, create_at, payment_type) VALUES ('cee0184e-2143-49bd-8992-e87bd413009a', 5000, '2026-05-08 14:24:38', 'PARKING');
INSERT INTO parking_record_history (history_id, entry_time, exit_time, identifier, license_plate, type, card_id, payment_id, staff_in, staff_out, vehicle_type) VALUES ('60632ec0-178f-4c4d-8cbf-0c031fc3a006', '2026-05-08 11:59:38', '2026-05-08 14:24:38', '57D4-63910', '57D4-63910', 'DAILY', '385911080526', 'cee0184e-2143-49bd-8992-e87bd413009a', @staff2, @staff1, @scooter_id);
INSERT INTO parking_card (card_id) VALUES ('381703270526') ON DUPLICATE KEY UPDATE card_id=card_id;
INSERT INTO payment (payment_id, amount, create_at, payment_type) VALUES ('25c57a5d-cd88-4433-9ec6-21a5f04521bb', 4000, '2026-05-27 06:44:38', 'PARKING');
INSERT INTO parking_record_history (history_id, entry_time, exit_time, identifier, license_plate, type, card_id, payment_id, staff_in, staff_out, vehicle_type) VALUES ('e5c22fc0-152b-4d7b-9ce5-e10b167baae9', '2026-05-27 03:17:38', '2026-05-27 06:44:38', '74A9-45069', '74A9-45069', 'DAILY', '381703270526', '25c57a5d-cd88-4433-9ec6-21a5f04521bb', @staff1, @staff1, @moto_id);
INSERT INTO parking_card (card_id) VALUES ('380412300526') ON DUPLICATE KEY UPDATE card_id=card_id;
INSERT INTO payment (payment_id, amount, create_at, payment_type) VALUES ('b096ee88-03d8-4719-b1ce-b2d0bee6873c', 5000, '2026-05-30 15:34:38', 'PARKING');
INSERT INTO parking_record_history (history_id, entry_time, exit_time, identifier, license_plate, type, card_id, payment_id, staff_in, staff_out, vehicle_type) VALUES ('b2ffc695-694b-470b-bdae-6c65d034dc73', '2026-05-30 12:04:38', '2026-05-30 15:34:38', '23A1-62851', '23A1-62851', 'DAILY', '380412300526', 'b096ee88-03d8-4719-b1ce-b2d0bee6873c', @staff1, @staff1, @scooter_id);
INSERT INTO parking_card (card_id) VALUES ('381103120526') ON DUPLICATE KEY UPDATE card_id=card_id;
INSERT INTO payment (payment_id, amount, create_at, payment_type) VALUES ('73607b4e-ccef-46dd-8e10-578bd4df0c9d', 5000, '2026-05-12 08:31:38', 'PARKING');
INSERT INTO parking_record_history (history_id, entry_time, exit_time, identifier, license_plate, type, card_id, payment_id, staff_in, staff_out, vehicle_type) VALUES ('e3fb5bc7-6786-4527-9e99-768177f467ac', '2026-05-12 03:11:38', '2026-05-12 08:31:38', '27F1-32921', '27F1-32921', 'DAILY', '381103120526', '73607b4e-ccef-46dd-8e10-578bd4df0c9d', @staff2, @staff1, @scooter_id);
INSERT INTO parking_card (card_id) VALUES ('383708110526') ON DUPLICATE KEY UPDATE card_id=card_id;
INSERT INTO payment (payment_id, amount, create_at, payment_type) VALUES ('ca2759d0-3da1-4bb5-83cc-1dcefd5b4778', 4000, '2026-05-11 11:30:38', 'PARKING');
INSERT INTO parking_record_history (history_id, entry_time, exit_time, identifier, license_plate, type, card_id, payment_id, staff_in, staff_out, vehicle_type) VALUES ('9c81b463-3e28-4553-b848-b1de803fdd0d', '2026-05-11 08:37:38', '2026-05-11 11:30:38', '70B9-68817', '70B9-68817', 'DAILY', '383708110526', 'ca2759d0-3da1-4bb5-83cc-1dcefd5b4778', @staff2, @staff1, @moto_id);
INSERT INTO parking_card (card_id) VALUES ('383607190526') ON DUPLICATE KEY UPDATE card_id=card_id;
INSERT INTO payment (payment_id, amount, create_at, payment_type) VALUES ('c2d0ceba-0479-4da2-b7b1-3632a9e3e788', 2000, '2026-05-19 14:08:38', 'PARKING');
INSERT INTO parking_record_history (history_id, entry_time, exit_time, identifier, license_plate, type, card_id, payment_id, staff_in, staff_out, vehicle_type) VALUES ('d79fee29-5daf-44a0-a1fb-ece9472aaa68', '2026-05-19 07:36:38', '2026-05-19 14:08:38', 'BIKE-561', 'BIKE-561', 'DAILY', '383607190526', 'c2d0ceba-0479-4da2-b7b1-3632a9e3e788', @staff1, @staff1, @bike_id);
INSERT INTO parking_card (card_id) VALUES ('380003240526') ON DUPLICATE KEY UPDATE card_id=card_id;
INSERT INTO payment (payment_id, amount, create_at, payment_type) VALUES ('5e05c3d5-6060-4e7b-a8be-06c652da9935', 5000, '2026-05-24 05:39:38', 'PARKING');
INSERT INTO parking_record_history (history_id, entry_time, exit_time, identifier, license_plate, type, card_id, payment_id, staff_in, staff_out, vehicle_type) VALUES ('6b319022-46f9-4b7d-931b-e446eedfc4b1', '2026-05-24 03:00:38', '2026-05-24 05:39:38', '73A8-63394', '73A8-63394', 'DAILY', '380003240526', '5e05c3d5-6060-4e7b-a8be-06c652da9935', @staff1, @staff2, @scooter_id);
INSERT INTO parking_card (card_id) VALUES ('385208240526') ON DUPLICATE KEY UPDATE card_id=card_id;
INSERT INTO payment (payment_id, amount, create_at, payment_type) VALUES ('42794ae6-aee8-4983-a774-7a8993df8eee', 5000, '2026-05-24 09:17:38', 'PARKING');
INSERT INTO parking_record_history (history_id, entry_time, exit_time, identifier, license_plate, type, card_id, payment_id, staff_in, staff_out, vehicle_type) VALUES ('aed0f104-e74d-4cbb-a706-78e7ac09c5e2', '2026-05-24 08:52:38', '2026-05-24 09:17:38', '66D8-99015', '66D8-99015', 'DAILY', '385208240526', '42794ae6-aee8-4983-a774-7a8993df8eee', @staff2, @staff2, @scooter_id);
INSERT INTO parking_card (card_id) VALUES ('385503280526') ON DUPLICATE KEY UPDATE card_id=card_id;
INSERT INTO payment (payment_id, amount, create_at, payment_type) VALUES ('4759df0e-0988-4d9f-976f-a6e82198f751', 5000, '2026-05-28 10:27:38', 'PARKING');
INSERT INTO parking_record_history (history_id, entry_time, exit_time, identifier, license_plate, type, card_id, payment_id, staff_in, staff_out, vehicle_type) VALUES ('3cc50d53-80f8-4724-8aff-fc76b0db6e73', '2026-05-28 03:55:38', '2026-05-28 10:27:38', '71F1-58026', '71F1-58026', 'DAILY', '385503280526', '4759df0e-0988-4d9f-976f-a6e82198f751', @staff2, @staff1, @scooter_id);
INSERT INTO parking_card (card_id) VALUES ('381710010626') ON DUPLICATE KEY UPDATE card_id=card_id;
INSERT INTO payment (payment_id, amount, create_at, payment_type) VALUES ('38dc678b-241c-410c-b928-22a6771fc37b', 5000, '2026-06-01 13:39:38', 'PARKING');
INSERT INTO parking_record_history (history_id, entry_time, exit_time, identifier, license_plate, type, card_id, payment_id, staff_in, staff_out, vehicle_type) VALUES ('1b0dbc71-99ec-45ba-9476-7d7e5f5d56ae', '2026-06-01 10:17:38', '2026-06-01 13:39:38', '93D5-24888', '93D5-24888', 'DAILY', '381710010626', '38dc678b-241c-410c-b928-22a6771fc37b', @staff1, @staff1, @scooter_id);
INSERT INTO parking_card (card_id) VALUES ('382409190526') ON DUPLICATE KEY UPDATE card_id=card_id;
INSERT INTO payment (payment_id, amount, create_at, payment_type) VALUES ('012f3b91-ddc6-4082-894c-d89a5e8c01be', 4000, '2026-05-19 13:46:38', 'PARKING');
INSERT INTO parking_record_history (history_id, entry_time, exit_time, identifier, license_plate, type, card_id, payment_id, staff_in, staff_out, vehicle_type) VALUES ('8e9f9cbf-765d-45c5-9c30-7229bedac593', '2026-05-19 09:24:38', '2026-05-19 13:46:38', '69C8-26209', '69C8-26209', 'DAILY', '382409190526', '012f3b91-ddc6-4082-894c-d89a5e8c01be', @staff2, @staff1, @moto_id);
INSERT INTO parking_card (card_id) VALUES ('381711160526') ON DUPLICATE KEY UPDATE card_id=card_id;
INSERT INTO payment (payment_id, amount, create_at, payment_type) VALUES ('c2beec9d-22d7-43c1-9185-015c4a3b4fff', 5000, '2026-05-16 15:29:38', 'PARKING');
INSERT INTO parking_record_history (history_id, entry_time, exit_time, identifier, license_plate, type, card_id, payment_id, staff_in, staff_out, vehicle_type) VALUES ('0bd14c25-3b71-4997-be69-a74199475594', '2026-05-16 11:17:38', '2026-05-16 15:29:38', '43C3-87321', '43C3-87321', 'DAILY', '381711160526', 'c2beec9d-22d7-43c1-9185-015c4a3b4fff', @staff2, @staff1, @scooter_id);
INSERT INTO parking_card (card_id) VALUES ('384809200526') ON DUPLICATE KEY UPDATE card_id=card_id;
INSERT INTO payment (payment_id, amount, create_at, payment_type) VALUES ('612bddf4-8b87-48e3-8ee3-05413f89eb6a', 5000, '2026-05-20 12:01:38', 'PARKING');
INSERT INTO parking_record_history (history_id, entry_time, exit_time, identifier, license_plate, type, card_id, payment_id, staff_in, staff_out, vehicle_type) VALUES ('e60d9a64-0097-4e47-af9c-c042c8d48493', '2026-05-20 09:48:38', '2026-05-20 12:01:38', '23C1-11208', '23C1-11208', 'DAILY', '384809200526', '612bddf4-8b87-48e3-8ee3-05413f89eb6a', @staff1, @staff2, @scooter_id);
INSERT INTO parking_card (card_id) VALUES ('383605290526') ON DUPLICATE KEY UPDATE card_id=card_id;
INSERT INTO payment (payment_id, amount, create_at, payment_type) VALUES ('3a9dd0e9-e2ec-4924-8912-64ef1c2127a8', 2000, '2026-05-29 11:11:38', 'PARKING');
INSERT INTO parking_record_history (history_id, entry_time, exit_time, identifier, license_plate, type, card_id, payment_id, staff_in, staff_out, vehicle_type) VALUES ('6c5a4d44-9bc3-454c-b23e-6c75945e009f', '2026-05-29 05:36:38', '2026-05-29 11:11:38', 'BIKE-420', 'BIKE-420', 'DAILY', '383605290526', '3a9dd0e9-e2ec-4924-8912-64ef1c2127a8', @staff1, @staff1, @bike_id);
INSERT INTO parking_card (card_id) VALUES ('383710170526') ON DUPLICATE KEY UPDATE card_id=card_id;
INSERT INTO payment (payment_id, amount, create_at, payment_type) VALUES ('47d51dc2-e894-4de9-9309-c6abc17139dd', 5000, '2026-05-17 13:14:38', 'PARKING');
INSERT INTO parking_record_history (history_id, entry_time, exit_time, identifier, license_plate, type, card_id, payment_id, staff_in, staff_out, vehicle_type) VALUES ('de9cb2ab-a407-44db-b13d-fb3316d1be5e', '2026-05-17 10:37:38', '2026-05-17 13:14:38', '74B2-20399', '74B2-20399', 'DAILY', '383710170526', '47d51dc2-e894-4de9-9309-c6abc17139dd', @staff2, @staff2, @scooter_id);
INSERT INTO parking_card (card_id) VALUES ('381105140526') ON DUPLICATE KEY UPDATE card_id=card_id;
INSERT INTO payment (payment_id, amount, create_at, payment_type) VALUES ('a3d97595-18e1-45b7-a5c3-6515ce3e4258', 5000, '2026-05-14 08:34:38', 'PARKING');
INSERT INTO parking_record_history (history_id, entry_time, exit_time, identifier, license_plate, type, card_id, payment_id, staff_in, staff_out, vehicle_type) VALUES ('ee1e4737-3332-428c-8751-9732c1aa88d6', '2026-05-14 05:11:38', '2026-05-14 08:34:38', '32E4-13759', '32E4-13759', 'DAILY', '381105140526', 'a3d97595-18e1-45b7-a5c3-6515ce3e4258', @staff1, @staff1, @scooter_id);
INSERT INTO parking_card (card_id) VALUES ('381803080526') ON DUPLICATE KEY UPDATE card_id=card_id;
INSERT INTO payment (payment_id, amount, create_at, payment_type) VALUES ('c62e4883-d734-4c1e-a910-72f9771ab727', 5000, '2026-05-08 05:28:38', 'PARKING');
INSERT INTO parking_record_history (history_id, entry_time, exit_time, identifier, license_plate, type, card_id, payment_id, staff_in, staff_out, vehicle_type) VALUES ('693668f9-a533-4f2a-89cc-f8c11871d769', '2026-05-08 03:18:38', '2026-05-08 05:28:38', '36F9-27047', '36F9-27047', 'DAILY', '381803080526', 'c62e4883-d734-4c1e-a910-72f9771ab727', @staff1, @staff2, @scooter_id);
INSERT INTO parking_card (card_id) VALUES ('382103040626') ON DUPLICATE KEY UPDATE card_id=card_id;
INSERT INTO payment (payment_id, amount, create_at, payment_type) VALUES ('18d287a9-f19d-47a7-b816-1f0a0ee00c83', 5000, '2026-06-04 09:46:38', 'PARKING');
INSERT INTO parking_record_history (history_id, entry_time, exit_time, identifier, license_plate, type, card_id, payment_id, staff_in, staff_out, vehicle_type) VALUES ('7d426064-26ca-4b11-88af-a66461150adf', '2026-06-04 03:21:38', '2026-06-04 09:46:38', '81F3-77992', '81F3-77992', 'DAILY', '382103040626', '18d287a9-f19d-47a7-b816-1f0a0ee00c83', @staff2, @staff1, @scooter_id);
INSERT INTO parking_card (card_id) VALUES ('382707130526') ON DUPLICATE KEY UPDATE card_id=card_id;
INSERT INTO payment (payment_id, amount, create_at, payment_type) VALUES ('773c3625-0849-44ca-b16e-c67f38df5166', 2000, '2026-05-13 10:46:38', 'PARKING');
INSERT INTO parking_record_history (history_id, entry_time, exit_time, identifier, license_plate, type, card_id, payment_id, staff_in, staff_out, vehicle_type) VALUES ('59cd4c08-f1b0-4a37-bdd9-7863a3166fe7', '2026-05-13 07:27:38', '2026-05-13 10:46:38', 'BIKE-853', 'BIKE-853', 'DAILY', '382707130526', '773c3625-0849-44ca-b16e-c67f38df5166', @staff1, @staff2, @bike_id);
INSERT INTO parking_card (card_id) VALUES ('380111010626') ON DUPLICATE KEY UPDATE card_id=card_id;
INSERT INTO payment (payment_id, amount, create_at, payment_type) VALUES ('8912ad0a-e160-4bc5-9808-0691f5ea7df5', 4000, '2026-06-01 15:39:38', 'PARKING');
INSERT INTO parking_record_history (history_id, entry_time, exit_time, identifier, license_plate, type, card_id, payment_id, staff_in, staff_out, vehicle_type) VALUES ('70d0fb25-e3a2-4eae-bdc1-59fa073120d7', '2026-06-01 11:01:38', '2026-06-01 15:39:38', '16A3-86752', '16A3-86752', 'DAILY', '380111010626', '8912ad0a-e160-4bc5-9808-0691f5ea7df5', @staff1, @staff1, @moto_id);
INSERT INTO parking_card (card_id) VALUES ('380405040626') ON DUPLICATE KEY UPDATE card_id=card_id;
INSERT INTO payment (payment_id, amount, create_at, payment_type) VALUES ('714f6004-bfd5-469b-b78b-3c30f3177895', 2000, '2026-06-04 09:06:38', 'PARKING');
INSERT INTO parking_record_history (history_id, entry_time, exit_time, identifier, license_plate, type, card_id, payment_id, staff_in, staff_out, vehicle_type) VALUES ('676ccd60-3f39-44cf-a3f1-9d37b2884f7b', '2026-06-04 05:04:38', '2026-06-04 09:06:38', 'BIKE-225', 'BIKE-225', 'DAILY', '380405040626', '714f6004-bfd5-469b-b78b-3c30f3177895', @staff1, @staff1, @bike_id);
INSERT INTO parking_card (card_id) VALUES ('382007300526') ON DUPLICATE KEY UPDATE card_id=card_id;
INSERT INTO payment (payment_id, amount, create_at, payment_type) VALUES ('96cc6fcd-1ee2-49cd-bfa8-243957b27255', 5000, '2026-05-30 10:07:38', 'PARKING');
INSERT INTO parking_record_history (history_id, entry_time, exit_time, identifier, license_plate, type, card_id, payment_id, staff_in, staff_out, vehicle_type) VALUES ('9e672f5d-a335-44a2-ad0f-2c44226d9428', '2026-05-30 07:20:38', '2026-05-30 10:07:38', '50A4-37891', '50A4-37891', 'DAILY', '382007300526', '96cc6fcd-1ee2-49cd-bfa8-243957b27255', @staff1, @staff2, @scooter_id);
INSERT INTO parking_card (card_id) VALUES ('383205260526') ON DUPLICATE KEY UPDATE card_id=card_id;
INSERT INTO payment (payment_id, amount, create_at, payment_type) VALUES ('469be743-d0df-4756-9569-c7703203b6db', 5000, '2026-05-26 06:23:38', 'PARKING');
INSERT INTO parking_record_history (history_id, entry_time, exit_time, identifier, license_plate, type, card_id, payment_id, staff_in, staff_out, vehicle_type) VALUES ('27cf9afb-a85c-48d4-a97f-41bced3a2a75', '2026-05-26 05:32:38', '2026-05-26 06:23:38', '83C3-14006', '83C3-14006', 'DAILY', '383205260526', '469be743-d0df-4756-9569-c7703203b6db', @staff1, @staff1, @scooter_id);
INSERT INTO parking_card (card_id) VALUES ('382304010626') ON DUPLICATE KEY UPDATE card_id=card_id;
INSERT INTO payment (payment_id, amount, create_at, payment_type) VALUES ('4f092a6c-9700-41f7-b3ab-18c791193ab6', 4000, '2026-06-01 09:54:38', 'PARKING');
INSERT INTO parking_record_history (history_id, entry_time, exit_time, identifier, license_plate, type, card_id, payment_id, staff_in, staff_out, vehicle_type) VALUES ('bb5b68fb-0c04-4b21-baf1-5c6c4684716c', '2026-06-01 04:23:38', '2026-06-01 09:54:38', '22B5-36210', '22B5-36210', 'DAILY', '382304010626', '4f092a6c-9700-41f7-b3ab-18c791193ab6', @staff1, @staff1, @moto_id);
INSERT INTO parking_card (card_id) VALUES ('381712180526') ON DUPLICATE KEY UPDATE card_id=card_id;
INSERT INTO payment (payment_id, amount, create_at, payment_type) VALUES ('0cac9804-71fa-4521-a6af-8f25deed8fcf', 2000, '2026-05-18 16:25:38', 'PARKING');
INSERT INTO parking_record_history (history_id, entry_time, exit_time, identifier, license_plate, type, card_id, payment_id, staff_in, staff_out, vehicle_type) VALUES ('07a3ff06-79c8-4f07-bce8-5a1341bc2696', '2026-05-18 12:17:38', '2026-05-18 16:25:38', 'BIKE-962', 'BIKE-962', 'DAILY', '381712180526', '0cac9804-71fa-4521-a6af-8f25deed8fcf', @staff2, @staff1, @bike_id);
INSERT INTO parking_card (card_id) VALUES ('380707170526') ON DUPLICATE KEY UPDATE card_id=card_id;
INSERT INTO payment (payment_id, amount, create_at, payment_type) VALUES ('f4ebe061-aa19-4cda-9638-fc1ea8d6211b', 4000, '2026-05-17 09:22:38', 'PARKING');
INSERT INTO parking_record_history (history_id, entry_time, exit_time, identifier, license_plate, type, card_id, payment_id, staff_in, staff_out, vehicle_type) VALUES ('9facee23-6f99-4e40-b239-423a24b2bb10', '2026-05-17 07:07:38', '2026-05-17 09:22:38', '39A6-36953', '39A6-36953', 'DAILY', '380707170526', 'f4ebe061-aa19-4cda-9638-fc1ea8d6211b', @staff1, @staff2, @moto_id);
INSERT INTO parking_card (card_id) VALUES ('382207080526') ON DUPLICATE KEY UPDATE card_id=card_id;
INSERT INTO payment (payment_id, amount, create_at, payment_type) VALUES ('cfa120c0-aea0-4fb8-befe-5b085d3c53a9', 4000, '2026-05-08 11:50:38', 'PARKING');
INSERT INTO parking_record_history (history_id, entry_time, exit_time, identifier, license_plate, type, card_id, payment_id, staff_in, staff_out, vehicle_type) VALUES ('48c2506e-9b5a-495f-be69-88a2cd775daa', '2026-05-08 07:22:38', '2026-05-08 11:50:38', '80A3-72534', '80A3-72534', 'DAILY', '382207080526', 'cfa120c0-aea0-4fb8-befe-5b085d3c53a9', @staff1, @staff1, @moto_id);
INSERT INTO parking_card (card_id) VALUES ('384605170526') ON DUPLICATE KEY UPDATE card_id=card_id;
INSERT INTO payment (payment_id, amount, create_at, payment_type) VALUES ('10a6dd80-b8dd-4911-9925-a52acbd83126', 5000, '2026-05-17 06:18:38', 'PARKING');
INSERT INTO parking_record_history (history_id, entry_time, exit_time, identifier, license_plate, type, card_id, payment_id, staff_in, staff_out, vehicle_type) VALUES ('af5f0b60-9c51-4ff3-9ef7-cae536a66981', '2026-05-17 05:46:38', '2026-05-17 06:18:38', '87E5-96780', '87E5-96780', 'DAILY', '384605170526', '10a6dd80-b8dd-4911-9925-a52acbd83126', @staff2, @staff2, @scooter_id);
INSERT INTO parking_card (card_id) VALUES ('380509200526') ON DUPLICATE KEY UPDATE card_id=card_id;
INSERT INTO payment (payment_id, amount, create_at, payment_type) VALUES ('8d388089-c2f1-478c-bf4b-b151fea373df', 5000, '2026-05-20 10:22:38', 'PARKING');
INSERT INTO parking_record_history (history_id, entry_time, exit_time, identifier, license_plate, type, card_id, payment_id, staff_in, staff_out, vehicle_type) VALUES ('f59ca4a6-eacc-43e4-8954-5d6cd05fc06d', '2026-05-20 09:05:38', '2026-05-20 10:22:38', '22D2-99427', '22D2-99427', 'DAILY', '380509200526', '8d388089-c2f1-478c-bf4b-b151fea373df', @staff1, @staff2, @scooter_id);
INSERT INTO parking_card (card_id) VALUES ('385808040626') ON DUPLICATE KEY UPDATE card_id=card_id;
INSERT INTO payment (payment_id, amount, create_at, payment_type) VALUES ('80607c97-c91f-4fb1-abbc-28d91ecffa81', 4000, '2026-06-04 12:36:38', 'PARKING');
INSERT INTO parking_record_history (history_id, entry_time, exit_time, identifier, license_plate, type, card_id, payment_id, staff_in, staff_out, vehicle_type) VALUES ('2aa3c9e8-cd00-4280-8ade-e163c4d30e51', '2026-06-04 08:58:38', '2026-06-04 12:36:38', '94C4-87083', '94C4-87083', 'DAILY', '385808040626', '80607c97-c91f-4fb1-abbc-28d91ecffa81', @staff1, @staff1, @moto_id);
INSERT INTO parking_card (card_id) VALUES ('380512300526') ON DUPLICATE KEY UPDATE card_id=card_id;
INSERT INTO payment (payment_id, amount, create_at, payment_type) VALUES ('818d39d4-bd2c-48a4-88bd-afb297879a3d', 5000, '2026-05-30 12:23:38', 'PARKING');
INSERT INTO parking_record_history (history_id, entry_time, exit_time, identifier, license_plate, type, card_id, payment_id, staff_in, staff_out, vehicle_type) VALUES ('ba64e825-ae9c-4bb0-bef4-f6f6a1a3a604', '2026-05-30 12:05:38', '2026-05-30 12:23:38', '45B6-39267', '45B6-39267', 'DAILY', '380512300526', '818d39d4-bd2c-48a4-88bd-afb297879a3d', @staff2, @staff2, @scooter_id);
INSERT INTO parking_card (card_id) VALUES ('383311250526') ON DUPLICATE KEY UPDATE card_id=card_id;
INSERT INTO payment (payment_id, amount, create_at, payment_type) VALUES ('9e4a9b3c-62f1-45ac-b191-3c30c7bf69bd', 2000, '2026-05-25 18:02:38', 'PARKING');
INSERT INTO parking_record_history (history_id, entry_time, exit_time, identifier, license_plate, type, card_id, payment_id, staff_in, staff_out, vehicle_type) VALUES ('6dc41429-bcb5-4941-ace6-75e34db722c3', '2026-05-25 11:33:38', '2026-05-25 18:02:38', 'BIKE-362', 'BIKE-362', 'DAILY', '383311250526', '9e4a9b3c-62f1-45ac-b191-3c30c7bf69bd', @staff2, @staff2, @bike_id);
INSERT INTO parking_card (card_id) VALUES ('384004300526') ON DUPLICATE KEY UPDATE card_id=card_id;
INSERT INTO payment (payment_id, amount, create_at, payment_type) VALUES ('02bc6148-15e3-48e2-940e-b741d6912773', 2000, '2026-05-30 06:57:38', 'PARKING');
INSERT INTO parking_record_history (history_id, entry_time, exit_time, identifier, license_plate, type, card_id, payment_id, staff_in, staff_out, vehicle_type) VALUES ('452d5a36-c2e5-4713-a83e-4f1a2cb485a8', '2026-05-30 04:40:38', '2026-05-30 06:57:38', 'BIKE-743', 'BIKE-743', 'DAILY', '384004300526', '02bc6148-15e3-48e2-940e-b741d6912773', @staff1, @staff1, @bike_id);
INSERT INTO parking_card (card_id) VALUES ('382205200526') ON DUPLICATE KEY UPDATE card_id=card_id;
INSERT INTO payment (payment_id, amount, create_at, payment_type) VALUES ('16d4542b-dbb5-4b38-b38e-85f85aa0104d', 4000, '2026-05-20 05:50:38', 'PARKING');
INSERT INTO parking_record_history (history_id, entry_time, exit_time, identifier, license_plate, type, card_id, payment_id, staff_in, staff_out, vehicle_type) VALUES ('23959ada-fd77-469d-87d0-02aa553f32dd', '2026-05-20 05:22:38', '2026-05-20 05:50:38', '62D4-96707', '62D4-96707', 'DAILY', '382205200526', '16d4542b-dbb5-4b38-b38e-85f85aa0104d', @staff1, @staff2, @moto_id);
INSERT INTO parking_card (card_id) VALUES ('381006050626') ON DUPLICATE KEY UPDATE card_id=card_id;
INSERT INTO payment (payment_id, amount, create_at, payment_type) VALUES ('b9a27824-f857-4cdf-89f9-cd6d8d52e321', 5000, '2026-06-05 07:50:38', 'PARKING');
INSERT INTO parking_record_history (history_id, entry_time, exit_time, identifier, license_plate, type, card_id, payment_id, staff_in, staff_out, vehicle_type) VALUES ('82767c5a-734f-40e6-99da-5280c8060e9f', '2026-06-05 06:10:38', '2026-06-05 07:50:38', '33E5-17034', '33E5-17034', 'DAILY', '381006050626', 'b9a27824-f857-4cdf-89f9-cd6d8d52e321', @staff2, @staff2, @scooter_id);
INSERT INTO parking_card (card_id) VALUES ('381906040626') ON DUPLICATE KEY UPDATE card_id=card_id;
INSERT INTO payment (payment_id, amount, create_at, payment_type) VALUES ('5328db3a-be60-4515-8bab-5af91dcdeda0', 4000, '2026-06-04 09:14:38', 'PARKING');
INSERT INTO parking_record_history (history_id, entry_time, exit_time, identifier, license_plate, type, card_id, payment_id, staff_in, staff_out, vehicle_type) VALUES ('1777f4f1-6d94-4be5-8b12-55b21cd84c11', '2026-06-04 06:19:38', '2026-06-04 09:14:38', '97C6-80116', '97C6-80116', 'DAILY', '381906040626', '5328db3a-be60-4515-8bab-5af91dcdeda0', @staff1, @staff1, @moto_id);
INSERT INTO parking_card (card_id) VALUES ('381108170526') ON DUPLICATE KEY UPDATE card_id=card_id;
INSERT INTO payment (payment_id, amount, create_at, payment_type) VALUES ('0d0848e4-59de-4430-995e-24ac5052224e', 2000, '2026-05-17 11:38:38', 'PARKING');
INSERT INTO parking_record_history (history_id, entry_time, exit_time, identifier, license_plate, type, card_id, payment_id, staff_in, staff_out, vehicle_type) VALUES ('f3d8294d-ec52-4f01-b6dd-0e1d5f650aa7', '2026-05-17 08:11:38', '2026-05-17 11:38:38', 'BIKE-402', 'BIKE-402', 'DAILY', '381108170526', '0d0848e4-59de-4430-995e-24ac5052224e', @staff2, @staff1, @bike_id);
INSERT INTO parking_card (card_id) VALUES ('380108280526') ON DUPLICATE KEY UPDATE card_id=card_id;
INSERT INTO payment (payment_id, amount, create_at, payment_type) VALUES ('45da6ef1-e7ec-4324-af5f-8e0ccd48ba11', 5000, '2026-05-28 10:55:38', 'PARKING');
INSERT INTO parking_record_history (history_id, entry_time, exit_time, identifier, license_plate, type, card_id, payment_id, staff_in, staff_out, vehicle_type) VALUES ('23e29bec-e421-4678-b42f-a42821903244', '2026-05-28 08:01:38', '2026-05-28 10:55:38', '16B2-46090', '16B2-46090', 'DAILY', '380108280526', '45da6ef1-e7ec-4324-af5f-8e0ccd48ba11', @staff2, @staff1, @scooter_id);
INSERT INTO parking_card (card_id) VALUES ('385909010626') ON DUPLICATE KEY UPDATE card_id=card_id;
INSERT INTO payment (payment_id, amount, create_at, payment_type) VALUES ('a91729be-a231-4898-8a5e-bdbed6bd5aca', 2000, '2026-06-01 15:13:38', 'PARKING');
INSERT INTO parking_record_history (history_id, entry_time, exit_time, identifier, license_plate, type, card_id, payment_id, staff_in, staff_out, vehicle_type) VALUES ('6ff4e246-06c5-43bc-9222-b460ce1ad76c', '2026-06-01 09:59:38', '2026-06-01 15:13:38', 'BIKE-740', 'BIKE-740', 'DAILY', '385909010626', 'a91729be-a231-4898-8a5e-bdbed6bd5aca', @staff1, @staff1, @bike_id);
INSERT INTO parking_card (card_id) VALUES ('385710090526') ON DUPLICATE KEY UPDATE card_id=card_id;
INSERT INTO payment (payment_id, amount, create_at, payment_type) VALUES ('4f789ca4-4cfc-4b6b-827d-3cd38f37beb6', 5000, '2026-05-09 14:13:38', 'PARKING');
INSERT INTO parking_record_history (history_id, entry_time, exit_time, identifier, license_plate, type, card_id, payment_id, staff_in, staff_out, vehicle_type) VALUES ('17a2c71a-28bf-429c-81f1-8f1c866e4b11', '2026-05-09 10:57:38', '2026-05-09 14:13:38', '74F5-71686', '74F5-71686', 'DAILY', '385710090526', '4f789ca4-4cfc-4b6b-827d-3cd38f37beb6', @staff1, @staff1, @scooter_id);
INSERT INTO parking_card (card_id) VALUES ('381604130526') ON DUPLICATE KEY UPDATE card_id=card_id;
INSERT INTO payment (payment_id, amount, create_at, payment_type) VALUES ('756d5401-fa78-48bc-addb-966920b0467e', 2000, '2026-05-13 04:53:38', 'PARKING');
INSERT INTO parking_record_history (history_id, entry_time, exit_time, identifier, license_plate, type, card_id, payment_id, staff_in, staff_out, vehicle_type) VALUES ('fd4e6d99-aec0-40af-a4c7-056cba73cae8', '2026-05-13 04:16:38', '2026-05-13 04:53:38', 'BIKE-815', 'BIKE-815', 'DAILY', '381604130526', '756d5401-fa78-48bc-addb-966920b0467e', @staff1, @staff2, @bike_id);
INSERT INTO parking_card (card_id) VALUES ('382706030626') ON DUPLICATE KEY UPDATE card_id=card_id;
INSERT INTO payment (payment_id, amount, create_at, payment_type) VALUES ('527ef666-5dec-4107-b92a-dd790d5e99d5', 2000, '2026-06-03 07:41:38', 'PARKING');
INSERT INTO parking_record_history (history_id, entry_time, exit_time, identifier, license_plate, type, card_id, payment_id, staff_in, staff_out, vehicle_type) VALUES ('2279d56a-ec11-48e1-a3fe-a0b0d28ae58b', '2026-06-03 06:27:38', '2026-06-03 07:41:38', 'BIKE-273', 'BIKE-273', 'DAILY', '382706030626', '527ef666-5dec-4107-b92a-dd790d5e99d5', @staff1, @staff2, @bike_id);
INSERT INTO parking_card (card_id) VALUES ('383303040626') ON DUPLICATE KEY UPDATE card_id=card_id;
INSERT INTO payment (payment_id, amount, create_at, payment_type) VALUES ('92f64de6-5ef2-4e2a-9d30-cb1355efb91a', 2000, '2026-06-04 08:25:38', 'PARKING');
INSERT INTO parking_record_history (history_id, entry_time, exit_time, identifier, license_plate, type, card_id, payment_id, staff_in, staff_out, vehicle_type) VALUES ('90a7b7de-ed8a-4fbd-81ca-705272f41c76', '2026-06-04 03:33:38', '2026-06-04 08:25:38', 'BIKE-809', 'BIKE-809', 'DAILY', '383303040626', '92f64de6-5ef2-4e2a-9d30-cb1355efb91a', @staff1, @staff2, @bike_id);
INSERT INTO parking_card (card_id) VALUES ('382109130526') ON DUPLICATE KEY UPDATE card_id=card_id;
INSERT INTO payment (payment_id, amount, create_at, payment_type) VALUES ('16544a9c-7624-47f3-a6b9-fb271702af15', 5000, '2026-05-13 12:37:38', 'PARKING');
INSERT INTO parking_record_history (history_id, entry_time, exit_time, identifier, license_plate, type, card_id, payment_id, staff_in, staff_out, vehicle_type) VALUES ('d45f493d-5bfb-40f4-900d-1920a0dfd945', '2026-05-13 09:21:38', '2026-05-13 12:37:38', '86B7-67763', '86B7-67763', 'DAILY', '382109130526', '16544a9c-7624-47f3-a6b9-fb271702af15', @staff1, @staff1, @scooter_id);
INSERT INTO parking_card (card_id) VALUES ('380908010626') ON DUPLICATE KEY UPDATE card_id=card_id;
INSERT INTO payment (payment_id, amount, create_at, payment_type) VALUES ('8f5af575-5de9-4c4f-976b-5f6bc54c0395', 2000, '2026-06-01 11:16:38', 'PARKING');
INSERT INTO parking_record_history (history_id, entry_time, exit_time, identifier, license_plate, type, card_id, payment_id, staff_in, staff_out, vehicle_type) VALUES ('b7efd129-6399-4877-a443-53ee319f46b4', '2026-06-01 08:09:38', '2026-06-01 11:16:38', 'BIKE-278', 'BIKE-278', 'DAILY', '380908010626', '8f5af575-5de9-4c4f-976b-5f6bc54c0395', @staff1, @staff1, @bike_id);
INSERT INTO parking_card (card_id) VALUES ('385104120526') ON DUPLICATE KEY UPDATE card_id=card_id;
INSERT INTO payment (payment_id, amount, create_at, payment_type) VALUES ('30d7b189-a5c8-4721-913e-b2d05c6bf81a', 4000, '2026-05-12 08:24:38', 'PARKING');
INSERT INTO parking_record_history (history_id, entry_time, exit_time, identifier, license_plate, type, card_id, payment_id, staff_in, staff_out, vehicle_type) VALUES ('fdc9aa04-c6fc-438d-b865-1eb5257da056', '2026-05-12 04:51:38', '2026-05-12 08:24:38', '25F2-67934', '25F2-67934', 'DAILY', '385104120526', '30d7b189-a5c8-4721-913e-b2d05c6bf81a', @staff2, @staff1, @moto_id);
INSERT INTO parking_card (card_id) VALUES ('384508190526') ON DUPLICATE KEY UPDATE card_id=card_id;
INSERT INTO payment (payment_id, amount, create_at, payment_type) VALUES ('1b391d23-8c75-4694-98ed-322e8a337509', 5000, '2026-05-19 13:43:38', 'PARKING');
INSERT INTO parking_record_history (history_id, entry_time, exit_time, identifier, license_plate, type, card_id, payment_id, staff_in, staff_out, vehicle_type) VALUES ('5c706a1a-5248-41b3-8133-8b7931513969', '2026-05-19 08:45:38', '2026-05-19 13:43:38', '25D1-69515', '25D1-69515', 'DAILY', '384508190526', '1b391d23-8c75-4694-98ed-322e8a337509', @staff1, @staff2, @scooter_id);
INSERT INTO parking_card (card_id) VALUES ('380010210526') ON DUPLICATE KEY UPDATE card_id=card_id;
INSERT INTO payment (payment_id, amount, create_at, payment_type) VALUES ('39203859-75e2-486c-90e9-5163cf767375', 2000, '2026-05-21 15:31:38', 'PARKING');
INSERT INTO parking_record_history (history_id, entry_time, exit_time, identifier, license_plate, type, card_id, payment_id, staff_in, staff_out, vehicle_type) VALUES ('e34207be-8364-475a-86a9-e48b1bd21a8e', '2026-05-21 10:00:38', '2026-05-21 15:31:38', 'BIKE-117', 'BIKE-117', 'DAILY', '380010210526', '39203859-75e2-486c-90e9-5163cf767375', @staff2, @staff2, @bike_id);
INSERT INTO parking_card (card_id) VALUES ('380805170526') ON DUPLICATE KEY UPDATE card_id=card_id;
INSERT INTO payment (payment_id, amount, create_at, payment_type) VALUES ('25ec2b2b-b09f-48af-a20b-7b6e62f8fcc9', 2000, '2026-05-17 07:13:38', 'PARKING');
INSERT INTO parking_record_history (history_id, entry_time, exit_time, identifier, license_plate, type, card_id, payment_id, staff_in, staff_out, vehicle_type) VALUES ('2bd5fe1c-02ee-44d1-9d2a-df90a7be21da', '2026-05-17 05:08:38', '2026-05-17 07:13:38', 'BIKE-559', 'BIKE-559', 'DAILY', '380805170526', '25ec2b2b-b09f-48af-a20b-7b6e62f8fcc9', @staff1, @staff2, @bike_id);
INSERT INTO parking_card (card_id) VALUES ('382809250526') ON DUPLICATE KEY UPDATE card_id=card_id;
INSERT INTO payment (payment_id, amount, create_at, payment_type) VALUES ('2d3e56b4-1510-483d-9dba-7094a3187cc5', 2000, '2026-05-25 15:22:38', 'PARKING');
INSERT INTO parking_record_history (history_id, entry_time, exit_time, identifier, license_plate, type, card_id, payment_id, staff_in, staff_out, vehicle_type) VALUES ('43704f89-aa6d-4acc-bb6e-5cd8c3943504', '2026-05-25 09:28:38', '2026-05-25 15:22:38', 'BIKE-248', 'BIKE-248', 'DAILY', '382809250526', '2d3e56b4-1510-483d-9dba-7094a3187cc5', @staff1, @staff1, @bike_id);
INSERT INTO parking_card (card_id) VALUES ('385711190526') ON DUPLICATE KEY UPDATE card_id=card_id;
INSERT INTO payment (payment_id, amount, create_at, payment_type) VALUES ('abf5ffc6-96ad-4f50-a585-ecdfcda3d827', 5000, '2026-05-19 15:03:38', 'PARKING');
INSERT INTO parking_record_history (history_id, entry_time, exit_time, identifier, license_plate, type, card_id, payment_id, staff_in, staff_out, vehicle_type) VALUES ('2c9088d9-e2c9-40e7-8881-f3212c26756b', '2026-05-19 11:57:38', '2026-05-19 15:03:38', '76F1-40152', '76F1-40152', 'DAILY', '385711190526', 'abf5ffc6-96ad-4f50-a585-ecdfcda3d827', @staff1, @staff2, @scooter_id);
INSERT INTO parking_card (card_id) VALUES ('384807270526') ON DUPLICATE KEY UPDATE card_id=card_id;
INSERT INTO payment (payment_id, amount, create_at, payment_type) VALUES ('0bd6adbc-d99e-4716-8f05-58348b7fa43d', 2000, '2026-05-27 13:31:38', 'PARKING');
INSERT INTO parking_record_history (history_id, entry_time, exit_time, identifier, license_plate, type, card_id, payment_id, staff_in, staff_out, vehicle_type) VALUES ('d293ce2a-9f8e-483e-b2ba-1c181699e18e', '2026-05-27 07:48:38', '2026-05-27 13:31:38', 'BIKE-119', 'BIKE-119', 'DAILY', '384807270526', '0bd6adbc-d99e-4716-8f05-58348b7fa43d', @staff1, @staff1, @bike_id);
INSERT INTO parking_card (card_id) VALUES ('382909270526') ON DUPLICATE KEY UPDATE card_id=card_id;
INSERT INTO payment (payment_id, amount, create_at, payment_type) VALUES ('fcf3bb42-0add-44b2-a431-1abc56e0bbd5', 4000, '2026-05-27 15:09:38', 'PARKING');
INSERT INTO parking_record_history (history_id, entry_time, exit_time, identifier, license_plate, type, card_id, payment_id, staff_in, staff_out, vehicle_type) VALUES ('401d7429-5796-4901-b5ec-867578092a0a', '2026-05-27 09:29:38', '2026-05-27 15:09:38', '26C7-93140', '26C7-93140', 'DAILY', '382909270526', 'fcf3bb42-0add-44b2-a431-1abc56e0bbd5', @staff1, @staff2, @moto_id);
INSERT INTO parking_card (card_id) VALUES ('385405190526') ON DUPLICATE KEY UPDATE card_id=card_id;
INSERT INTO payment (payment_id, amount, create_at, payment_type) VALUES ('4a81a6df-6ec7-432a-b30f-a39621558f65', 4000, '2026-05-19 07:06:38', 'PARKING');
INSERT INTO parking_record_history (history_id, entry_time, exit_time, identifier, license_plate, type, card_id, payment_id, staff_in, staff_out, vehicle_type) VALUES ('aac159ed-00c0-462f-808a-69b012d719b5', '2026-05-19 05:54:38', '2026-05-19 07:06:38', '62A9-57424', '62A9-57424', 'DAILY', '385405190526', '4a81a6df-6ec7-432a-b30f-a39621558f65', @staff2, @staff1, @moto_id);
INSERT INTO parking_card (card_id) VALUES ('384204210526') ON DUPLICATE KEY UPDATE card_id=card_id;
INSERT INTO payment (payment_id, amount, create_at, payment_type) VALUES ('2a36d5f7-82db-4e79-9b32-6c7983d1391f', 5000, '2026-05-21 09:25:38', 'PARKING');
INSERT INTO parking_record_history (history_id, entry_time, exit_time, identifier, license_plate, type, card_id, payment_id, staff_in, staff_out, vehicle_type) VALUES ('3119c38f-622c-433d-9a44-9449014c8b49', '2026-05-21 04:42:38', '2026-05-21 09:25:38', '92C1-34397', '92C1-34397', 'DAILY', '384204210526', '2a36d5f7-82db-4e79-9b32-6c7983d1391f', @staff1, @staff2, @scooter_id);
INSERT INTO parking_card (card_id) VALUES ('382810120526') ON DUPLICATE KEY UPDATE card_id=card_id;
INSERT INTO payment (payment_id, amount, create_at, payment_type) VALUES ('7e3ded18-46db-44e2-902e-69276d3f3e76', 2000, '2026-05-12 16:57:38', 'PARKING');
INSERT INTO parking_record_history (history_id, entry_time, exit_time, identifier, license_plate, type, card_id, payment_id, staff_in, staff_out, vehicle_type) VALUES ('2297dcbc-b3ab-4dc6-b22d-b6ed83de3d77', '2026-05-12 10:28:38', '2026-05-12 16:57:38', 'BIKE-390', 'BIKE-390', 'DAILY', '382810120526', '7e3ded18-46db-44e2-902e-69276d3f3e76', @staff2, @staff2, @bike_id);
INSERT INTO parking_card (card_id) VALUES ('380103200526') ON DUPLICATE KEY UPDATE card_id=card_id;
INSERT INTO payment (payment_id, amount, create_at, payment_type) VALUES ('aba55813-bcf2-478b-8e3b-771554e2f04f', 4000, '2026-05-20 09:14:38', 'PARKING');
INSERT INTO parking_record_history (history_id, entry_time, exit_time, identifier, license_plate, type, card_id, payment_id, staff_in, staff_out, vehicle_type) VALUES ('ee08a02c-330d-4850-bfd7-6e0c48ef3eed', '2026-05-20 03:01:38', '2026-05-20 09:14:38', '44D6-12348', '44D6-12348', 'DAILY', '380103200526', 'aba55813-bcf2-478b-8e3b-771554e2f04f', @staff2, @staff1, @moto_id);
INSERT INTO parking_card (card_id) VALUES ('381710280526') ON DUPLICATE KEY UPDATE card_id=card_id;
INSERT INTO payment (payment_id, amount, create_at, payment_type) VALUES ('8f68ae72-1768-4597-81b1-bf62223ac164', 2000, '2026-05-28 16:29:38', 'PARKING');
INSERT INTO parking_record_history (history_id, entry_time, exit_time, identifier, license_plate, type, card_id, payment_id, staff_in, staff_out, vehicle_type) VALUES ('bfb89f5d-fcd0-4d27-84bf-5d84900eee78', '2026-05-28 10:17:38', '2026-05-28 16:29:38', 'BIKE-336', 'BIKE-336', 'DAILY', '381710280526', '8f68ae72-1768-4597-81b1-bf62223ac164', @staff1, @staff1, @bike_id);
INSERT INTO parking_card (card_id) VALUES ('383808060626') ON DUPLICATE KEY UPDATE card_id=card_id;
INSERT INTO payment (payment_id, amount, create_at, payment_type) VALUES ('780710ea-cd1c-45cf-b122-7110c8446935', 4000, '2026-06-06 09:41:38', 'PARKING');
INSERT INTO parking_record_history (history_id, entry_time, exit_time, identifier, license_plate, type, card_id, payment_id, staff_in, staff_out, vehicle_type) VALUES ('37cef07f-0ad7-4b5c-886d-7c178274d0cc', '2026-06-06 08:38:38', '2026-06-06 09:41:38', '70D7-76377', '70D7-76377', 'DAILY', '383808060626', '780710ea-cd1c-45cf-b122-7110c8446935', @staff2, @staff1, @moto_id);
INSERT INTO parking_card (card_id) VALUES ('385908140526') ON DUPLICATE KEY UPDATE card_id=card_id;
INSERT INTO payment (payment_id, amount, create_at, payment_type) VALUES ('bfbc8f65-46dc-4490-8f49-ed758f494a09', 2000, '2026-05-14 13:51:38', 'PARKING');
INSERT INTO parking_record_history (history_id, entry_time, exit_time, identifier, license_plate, type, card_id, payment_id, staff_in, staff_out, vehicle_type) VALUES ('a2cc58a9-016b-4639-8f89-49fb8451196b', '2026-05-14 08:59:38', '2026-05-14 13:51:38', 'BIKE-868', 'BIKE-868', 'DAILY', '385908140526', 'bfbc8f65-46dc-4490-8f49-ed758f494a09', @staff2, @staff1, @bike_id);
INSERT INTO parking_card (card_id) VALUES ('380906150526') ON DUPLICATE KEY UPDATE card_id=card_id;
INSERT INTO payment (payment_id, amount, create_at, payment_type) VALUES ('95226a01-97c4-4565-952e-cb7213874022', 5000, '2026-05-15 09:46:38', 'PARKING');
INSERT INTO parking_record_history (history_id, entry_time, exit_time, identifier, license_plate, type, card_id, payment_id, staff_in, staff_out, vehicle_type) VALUES ('f2a6f0f6-2940-4e1d-ae22-e248fd707e95', '2026-05-15 06:09:38', '2026-05-15 09:46:38', '45C7-49115', '45C7-49115', 'DAILY', '380906150526', '95226a01-97c4-4565-952e-cb7213874022', @staff2, @staff2, @scooter_id);
INSERT INTO parking_card (card_id) VALUES ('383907070526') ON DUPLICATE KEY UPDATE card_id=card_id;
INSERT INTO payment (payment_id, amount, create_at, payment_type) VALUES ('1589100e-276f-42d6-9612-9d928ab8f95a', 5000, '2026-05-07 13:24:38', 'PARKING');
INSERT INTO parking_record_history (history_id, entry_time, exit_time, identifier, license_plate, type, card_id, payment_id, staff_in, staff_out, vehicle_type) VALUES ('b96ffd27-2ff4-425e-bb50-0b07185175eb', '2026-05-07 07:39:38', '2026-05-07 13:24:38', '33F4-50453', '33F4-50453', 'DAILY', '383907070526', '1589100e-276f-42d6-9612-9d928ab8f95a', @staff2, @staff1, @scooter_id);
INSERT INTO parking_card (card_id) VALUES ('380703310526') ON DUPLICATE KEY UPDATE card_id=card_id;
INSERT INTO payment (payment_id, amount, create_at, payment_type) VALUES ('5467ba94-4159-434d-8cdf-ad1703108cf9', 2000, '2026-05-31 03:46:38', 'PARKING');
INSERT INTO parking_record_history (history_id, entry_time, exit_time, identifier, license_plate, type, card_id, payment_id, staff_in, staff_out, vehicle_type) VALUES ('e5f2dddc-4d44-4f94-a139-44f06fdebd2e', '2026-05-31 03:07:38', '2026-05-31 03:46:38', 'BIKE-556', 'BIKE-556', 'DAILY', '380703310526', '5467ba94-4159-434d-8cdf-ad1703108cf9', @staff2, @staff1, @bike_id);
INSERT INTO parking_card (card_id) VALUES ('383011140526') ON DUPLICATE KEY UPDATE card_id=card_id;
INSERT INTO payment (payment_id, amount, create_at, payment_type) VALUES ('386e3abd-06d4-4ca6-8199-d429242a3f97', 2000, '2026-05-14 15:10:38', 'PARKING');
INSERT INTO parking_record_history (history_id, entry_time, exit_time, identifier, license_plate, type, card_id, payment_id, staff_in, staff_out, vehicle_type) VALUES ('2a70f2f5-c71d-4f87-ac61-6eec4bad708f', '2026-05-14 11:30:38', '2026-05-14 15:10:38', 'BIKE-657', 'BIKE-657', 'DAILY', '383011140526', '386e3abd-06d4-4ca6-8199-d429242a3f97', @staff2, @staff1, @bike_id);
INSERT INTO parking_card (card_id) VALUES ('384806070526') ON DUPLICATE KEY UPDATE card_id=card_id;
INSERT INTO payment (payment_id, amount, create_at, payment_type) VALUES ('6f7de02a-b2b0-48be-8728-b32cd6bb669d', 5000, '2026-05-07 13:21:38', 'PARKING');
INSERT INTO parking_record_history (history_id, entry_time, exit_time, identifier, license_plate, type, card_id, payment_id, staff_in, staff_out, vehicle_type) VALUES ('615b13a6-b7a2-476f-add1-66bf119d0b7b', '2026-05-07 06:48:38', '2026-05-07 13:21:38', '31B5-21602', '31B5-21602', 'DAILY', '384806070526', '6f7de02a-b2b0-48be-8728-b32cd6bb669d', @staff1, @staff1, @scooter_id);
INSERT INTO parking_card (card_id) VALUES ('380211210526') ON DUPLICATE KEY UPDATE card_id=card_id;
INSERT INTO payment (payment_id, amount, create_at, payment_type) VALUES ('405ec5a7-8363-4488-b94d-2bc8b77e19c6', 2000, '2026-05-21 17:37:38', 'PARKING');
INSERT INTO parking_record_history (history_id, entry_time, exit_time, identifier, license_plate, type, card_id, payment_id, staff_in, staff_out, vehicle_type) VALUES ('c3efbd82-e735-446c-8b9c-123e9ca3bd56', '2026-05-21 11:02:38', '2026-05-21 17:37:38', 'BIKE-585', 'BIKE-585', 'DAILY', '380211210526', '405ec5a7-8363-4488-b94d-2bc8b77e19c6', @staff1, @staff2, @bike_id);
INSERT INTO parking_card (card_id) VALUES ('385305130526') ON DUPLICATE KEY UPDATE card_id=card_id;
INSERT INTO payment (payment_id, amount, create_at, payment_type) VALUES ('ec3d868b-de83-4fef-bcda-0be9d1e230e3', 4000, '2026-05-13 07:45:38', 'PARKING');
INSERT INTO parking_record_history (history_id, entry_time, exit_time, identifier, license_plate, type, card_id, payment_id, staff_in, staff_out, vehicle_type) VALUES ('a5632d61-29f4-4080-becc-e922dc2278b2', '2026-05-13 05:53:38', '2026-05-13 07:45:38', '95A7-57721', '95A7-57721', 'DAILY', '385305130526', 'ec3d868b-de83-4fef-bcda-0be9d1e230e3', @staff2, @staff2, @moto_id);
INSERT INTO parking_card (card_id) VALUES ('380406040626') ON DUPLICATE KEY UPDATE card_id=card_id;
INSERT INTO payment (payment_id, amount, create_at, payment_type) VALUES ('40bea5e7-1344-4871-8e5e-cebf301a87ff', 2000, '2026-06-04 10:22:38', 'PARKING');
INSERT INTO parking_record_history (history_id, entry_time, exit_time, identifier, license_plate, type, card_id, payment_id, staff_in, staff_out, vehicle_type) VALUES ('975000d3-b1e1-4033-8fcb-2401cb503e2d', '2026-06-04 06:04:38', '2026-06-04 10:22:38', 'BIKE-692', 'BIKE-692', 'DAILY', '380406040626', '40bea5e7-1344-4871-8e5e-cebf301a87ff', @staff1, @staff2, @bike_id);
INSERT INTO parking_card (card_id) VALUES ('385007090526') ON DUPLICATE KEY UPDATE card_id=card_id;
INSERT INTO payment (payment_id, amount, create_at, payment_type) VALUES ('d8864848-285e-4cf9-8c76-03b38c87c00b', 2000, '2026-05-09 10:08:38', 'PARKING');
INSERT INTO parking_record_history (history_id, entry_time, exit_time, identifier, license_plate, type, card_id, payment_id, staff_in, staff_out, vehicle_type) VALUES ('50907797-079d-4406-8257-1398d9880032', '2026-05-09 07:50:38', '2026-05-09 10:08:38', 'BIKE-681', 'BIKE-681', 'DAILY', '385007090526', 'd8864848-285e-4cf9-8c76-03b38c87c00b', @staff2, @staff2, @bike_id);
INSERT INTO parking_card (card_id) VALUES ('383806150526') ON DUPLICATE KEY UPDATE card_id=card_id;
INSERT INTO payment (payment_id, amount, create_at, payment_type) VALUES ('00fb3a5d-e87d-4d0d-8296-81c2a036c9f9', 2000, '2026-05-15 13:09:38', 'PARKING');
INSERT INTO parking_record_history (history_id, entry_time, exit_time, identifier, license_plate, type, card_id, payment_id, staff_in, staff_out, vehicle_type) VALUES ('f5742d9e-3715-4434-a44d-f719f6700c6f', '2026-05-15 06:38:38', '2026-05-15 13:09:38', 'BIKE-675', 'BIKE-675', 'DAILY', '383806150526', '00fb3a5d-e87d-4d0d-8296-81c2a036c9f9', @staff2, @staff1, @bike_id);
INSERT INTO parking_card (card_id) VALUES ('381607160526') ON DUPLICATE KEY UPDATE card_id=card_id;
INSERT INTO payment (payment_id, amount, create_at, payment_type) VALUES ('667e05bb-c6fb-4b03-9911-e895a439bff7', 5000, '2026-05-16 11:06:38', 'PARKING');
INSERT INTO parking_record_history (history_id, entry_time, exit_time, identifier, license_plate, type, card_id, payment_id, staff_in, staff_out, vehicle_type) VALUES ('53f00718-e743-463f-b088-6a63149f0bbe', '2026-05-16 07:16:38', '2026-05-16 11:06:38', '97A5-70516', '97A5-70516', 'DAILY', '381607160526', '667e05bb-c6fb-4b03-9911-e895a439bff7', @staff2, @staff1, @scooter_id);
INSERT INTO parking_card (card_id) VALUES ('382906180526') ON DUPLICATE KEY UPDATE card_id=card_id;
INSERT INTO payment (payment_id, amount, create_at, payment_type) VALUES ('07a3f2e4-0fe0-40c6-928c-9b5051757643', 2000, '2026-05-18 09:34:38', 'PARKING');
INSERT INTO parking_record_history (history_id, entry_time, exit_time, identifier, license_plate, type, card_id, payment_id, staff_in, staff_out, vehicle_type) VALUES ('7f57039b-2f14-4682-859c-fa9e360b9ca8', '2026-05-18 06:29:38', '2026-05-18 09:34:38', 'BIKE-140', 'BIKE-140', 'DAILY', '382906180526', '07a3f2e4-0fe0-40c6-928c-9b5051757643', @staff1, @staff2, @bike_id);
INSERT INTO parking_card (card_id) VALUES ('380706040626') ON DUPLICATE KEY UPDATE card_id=card_id;
INSERT INTO payment (payment_id, amount, create_at, payment_type) VALUES ('50bfc0f0-c062-40fe-a0b4-6622f056698f', 2000, '2026-06-04 11:15:38', 'PARKING');
INSERT INTO parking_record_history (history_id, entry_time, exit_time, identifier, license_plate, type, card_id, payment_id, staff_in, staff_out, vehicle_type) VALUES ('98c158e2-03d4-4c9c-87f3-f18ea66a35df', '2026-06-04 06:07:38', '2026-06-04 11:15:38', 'BIKE-173', 'BIKE-173', 'DAILY', '380706040626', '50bfc0f0-c062-40fe-a0b4-6622f056698f', @staff2, @staff1, @bike_id);
INSERT INTO parking_card (card_id) VALUES ('384608220526') ON DUPLICATE KEY UPDATE card_id=card_id;
INSERT INTO payment (payment_id, amount, create_at, payment_type) VALUES ('4b951ade-5633-422b-869f-9522a00c6481', 2000, '2026-05-22 12:52:38', 'PARKING');
INSERT INTO parking_record_history (history_id, entry_time, exit_time, identifier, license_plate, type, card_id, payment_id, staff_in, staff_out, vehicle_type) VALUES ('cbe18916-86fb-4faf-8a17-5f855637aa25', '2026-05-22 08:46:38', '2026-05-22 12:52:38', 'BIKE-726', 'BIKE-726', 'DAILY', '384608220526', '4b951ade-5633-422b-869f-9522a00c6481', @staff1, @staff2, @bike_id);
INSERT INTO parking_card (card_id) VALUES ('382006260526') ON DUPLICATE KEY UPDATE card_id=card_id;
INSERT INTO payment (payment_id, amount, create_at, payment_type) VALUES ('1dfb51b0-a579-42a2-b46e-34b4e9e29b76', 4000, '2026-05-26 07:19:38', 'PARKING');
INSERT INTO parking_record_history (history_id, entry_time, exit_time, identifier, license_plate, type, card_id, payment_id, staff_in, staff_out, vehicle_type) VALUES ('385f39f3-e6b2-4e52-b930-57e92f350e11', '2026-05-26 06:20:38', '2026-05-26 07:19:38', '44B2-92879', '44B2-92879', 'DAILY', '382006260526', '1dfb51b0-a579-42a2-b46e-34b4e9e29b76', @staff1, @staff1, @moto_id);
INSERT INTO parking_card (card_id) VALUES ('382312020626') ON DUPLICATE KEY UPDATE card_id=card_id;
INSERT INTO payment (payment_id, amount, create_at, payment_type) VALUES ('be5d1671-fb82-4e71-bee9-7b9fcbd32c7e', 4000, '2026-06-02 15:48:38', 'PARKING');
INSERT INTO parking_record_history (history_id, entry_time, exit_time, identifier, license_plate, type, card_id, payment_id, staff_in, staff_out, vehicle_type) VALUES ('39b0c4ad-cd15-4efa-8d44-507da209ce35', '2026-06-02 12:23:38', '2026-06-02 15:48:38', '31B3-35046', '31B3-35046', 'DAILY', '382312020626', 'be5d1671-fb82-4e71-bee9-7b9fcbd32c7e', @staff1, @staff1, @moto_id);
INSERT INTO parking_card (card_id) VALUES ('382603280526') ON DUPLICATE KEY UPDATE card_id=card_id;
INSERT INTO payment (payment_id, amount, create_at, payment_type) VALUES ('a625c18a-929e-4450-81cf-f739ac38eba6', 4000, '2026-05-28 09:05:38', 'PARKING');
INSERT INTO parking_record_history (history_id, entry_time, exit_time, identifier, license_plate, type, card_id, payment_id, staff_in, staff_out, vehicle_type) VALUES ('2085c1a3-481b-433f-ae63-3ebde193b2c5', '2026-05-28 03:26:38', '2026-05-28 09:05:38', '91B5-37020', '91B5-37020', 'DAILY', '382603280526', 'a625c18a-929e-4450-81cf-f739ac38eba6', @staff2, @staff2, @moto_id);
INSERT INTO parking_card (card_id) VALUES ('384506070526') ON DUPLICATE KEY UPDATE card_id=card_id;
INSERT INTO payment (payment_id, amount, create_at, payment_type) VALUES ('a399387f-03a1-40bd-86e9-8c927c258bb3', 4000, '2026-05-07 08:39:38', 'PARKING');
INSERT INTO parking_record_history (history_id, entry_time, exit_time, identifier, license_plate, type, card_id, payment_id, staff_in, staff_out, vehicle_type) VALUES ('ac4671f5-07da-46b0-a18d-66834b5ac9a2', '2026-05-07 06:45:38', '2026-05-07 08:39:38', '28A7-32464', '28A7-32464', 'DAILY', '384506070526', 'a399387f-03a1-40bd-86e9-8c927c258bb3', @staff2, @staff2, @moto_id);
INSERT INTO parking_card (card_id) VALUES ('381709150526') ON DUPLICATE KEY UPDATE card_id=card_id;
INSERT INTO payment (payment_id, amount, create_at, payment_type) VALUES ('23ec11eb-8f30-4aa3-8f78-0e476aadcfe3', 4000, '2026-05-15 10:05:38', 'PARKING');
INSERT INTO parking_record_history (history_id, entry_time, exit_time, identifier, license_plate, type, card_id, payment_id, staff_in, staff_out, vehicle_type) VALUES ('42628cf3-c17a-4160-aac2-4fda1f7c614b', '2026-05-15 09:17:38', '2026-05-15 10:05:38', '86D4-39376', '86D4-39376', 'DAILY', '381709150526', '23ec11eb-8f30-4aa3-8f78-0e476aadcfe3', @staff1, @staff2, @moto_id);
INSERT INTO parking_card (card_id) VALUES ('380511030626') ON DUPLICATE KEY UPDATE card_id=card_id;
INSERT INTO payment (payment_id, amount, create_at, payment_type) VALUES ('27bfde66-7847-4757-82b1-4019cc96d81e', 2000, '2026-06-03 15:15:38', 'PARKING');
INSERT INTO parking_record_history (history_id, entry_time, exit_time, identifier, license_plate, type, card_id, payment_id, staff_in, staff_out, vehicle_type) VALUES ('9aead575-2fa4-4e78-bfbb-1c9a32589ecf', '2026-06-03 11:05:38', '2026-06-03 15:15:38', 'BIKE-181', 'BIKE-181', 'DAILY', '380511030626', '27bfde66-7847-4757-82b1-4019cc96d81e', @staff1, @staff1, @bike_id);
INSERT INTO parking_card (card_id) VALUES ('385409230526') ON DUPLICATE KEY UPDATE card_id=card_id;
INSERT INTO payment (payment_id, amount, create_at, payment_type) VALUES ('98cdb47a-6400-49f0-bea8-1eb121121fef', 4000, '2026-05-23 15:57:38', 'PARKING');
INSERT INTO parking_record_history (history_id, entry_time, exit_time, identifier, license_plate, type, card_id, payment_id, staff_in, staff_out, vehicle_type) VALUES ('401b09b5-51db-4ce7-a26e-b7351e8c9835', '2026-05-23 09:54:38', '2026-05-23 15:57:38', '95D6-44703', '95D6-44703', 'DAILY', '385409230526', '98cdb47a-6400-49f0-bea8-1eb121121fef', @staff2, @staff2, @moto_id);
INSERT INTO parking_card (card_id) VALUES ('385711090526') ON DUPLICATE KEY UPDATE card_id=card_id;
INSERT INTO payment (payment_id, amount, create_at, payment_type) VALUES ('df530920-a80f-4c71-93c4-fb5fdca8050a', 4000, '2026-05-09 16:25:38', 'PARKING');
INSERT INTO parking_record_history (history_id, entry_time, exit_time, identifier, license_plate, type, card_id, payment_id, staff_in, staff_out, vehicle_type) VALUES ('172a80a8-1ad6-4a16-9c11-9c930b5f45ef', '2026-05-09 11:57:38', '2026-05-09 16:25:38', '90B2-73172', '90B2-73172', 'DAILY', '385711090526', 'df530920-a80f-4c71-93c4-fb5fdca8050a', @staff1, @staff1, @moto_id);
INSERT INTO parking_card (card_id) VALUES ('380112060626') ON DUPLICATE KEY UPDATE card_id=card_id;
INSERT INTO payment (payment_id, amount, create_at, payment_type) VALUES ('297cf464-5833-4871-a8d1-ed3f48b4c36d', 5000, '2026-06-06 12:30:38', 'PARKING');
INSERT INTO parking_record_history (history_id, entry_time, exit_time, identifier, license_plate, type, card_id, payment_id, staff_in, staff_out, vehicle_type) VALUES ('0bc49fc6-ee5b-402c-b81c-3d43ad99cea9', '2026-06-06 12:01:38', '2026-06-06 12:30:38', '76B6-45892', '76B6-45892', 'DAILY', '380112060626', '297cf464-5833-4871-a8d1-ed3f48b4c36d', @staff1, @staff2, @scooter_id);
INSERT INTO parking_card (card_id) VALUES ('385005100526') ON DUPLICATE KEY UPDATE card_id=card_id;
INSERT INTO payment (payment_id, amount, create_at, payment_type) VALUES ('42fcff64-a459-4bef-b13f-578510317724', 2000, '2026-05-10 09:55:38', 'PARKING');
INSERT INTO parking_record_history (history_id, entry_time, exit_time, identifier, license_plate, type, card_id, payment_id, staff_in, staff_out, vehicle_type) VALUES ('b4b1526c-afec-4628-a514-5a1694cd3527', '2026-05-10 05:50:38', '2026-05-10 09:55:38', 'BIKE-147', 'BIKE-147', 'DAILY', '385005100526', '42fcff64-a459-4bef-b13f-578510317724', @staff1, @staff1, @bike_id);
INSERT INTO parking_card (card_id) VALUES ('385103010626') ON DUPLICATE KEY UPDATE card_id=card_id;
INSERT INTO payment (payment_id, amount, create_at, payment_type) VALUES ('843ce6fe-af70-4456-b1e8-317c29a4d4c6', 2000, '2026-06-01 04:25:38', 'PARKING');
INSERT INTO parking_record_history (history_id, entry_time, exit_time, identifier, license_plate, type, card_id, payment_id, staff_in, staff_out, vehicle_type) VALUES ('57b8518c-d776-40d6-84d1-50f61c402321', '2026-06-01 03:51:38', '2026-06-01 04:25:38', 'BIKE-361', 'BIKE-361', 'DAILY', '385103010626', '843ce6fe-af70-4456-b1e8-317c29a4d4c6', @staff2, @staff2, @bike_id);
INSERT INTO parking_card (card_id) VALUES ('385004120526') ON DUPLICATE KEY UPDATE card_id=card_id;
INSERT INTO payment (payment_id, amount, create_at, payment_type) VALUES ('d295209c-eced-46ae-b95e-c5621885f61e', 4000, '2026-05-12 09:25:38', 'PARKING');
INSERT INTO parking_record_history (history_id, entry_time, exit_time, identifier, license_plate, type, card_id, payment_id, staff_in, staff_out, vehicle_type) VALUES ('ab46d546-5072-4a2f-85e9-1dd2eb688f0a', '2026-05-12 04:50:38', '2026-05-12 09:25:38', '57A8-53470', '57A8-53470', 'DAILY', '385004120526', 'd295209c-eced-46ae-b95e-c5621885f61e', @staff1, @staff1, @moto_id);
INSERT INTO parking_card (card_id) VALUES ('384308230526') ON DUPLICATE KEY UPDATE card_id=card_id;
INSERT INTO payment (payment_id, amount, create_at, payment_type) VALUES ('642a2705-29ba-41fa-a047-8d4dd676999a', 2000, '2026-05-23 10:56:38', 'PARKING');
INSERT INTO parking_record_history (history_id, entry_time, exit_time, identifier, license_plate, type, card_id, payment_id, staff_in, staff_out, vehicle_type) VALUES ('53e8944c-cd2c-413f-be8b-de6798c868f2', '2026-05-23 08:43:38', '2026-05-23 10:56:38', 'BIKE-186', 'BIKE-186', 'DAILY', '384308230526', '642a2705-29ba-41fa-a047-8d4dd676999a', @staff1, @staff2, @bike_id);
INSERT INTO parking_card (card_id) VALUES ('381706260526') ON DUPLICATE KEY UPDATE card_id=card_id;
INSERT INTO payment (payment_id, amount, create_at, payment_type) VALUES ('cf6bbd0c-f00d-4773-a6e2-e99dff9d8a04', 4000, '2026-05-26 06:53:38', 'PARKING');
INSERT INTO parking_record_history (history_id, entry_time, exit_time, identifier, license_plate, type, card_id, payment_id, staff_in, staff_out, vehicle_type) VALUES ('c1989a45-1b81-43fb-a03b-a29c8f15e857', '2026-05-26 06:17:38', '2026-05-26 06:53:38', '53B3-53587', '53B3-53587', 'DAILY', '381706260526', 'cf6bbd0c-f00d-4773-a6e2-e99dff9d8a04', @staff2, @staff2, @moto_id);
INSERT INTO parking_card (card_id) VALUES ('382112160526') ON DUPLICATE KEY UPDATE card_id=card_id;
INSERT INTO payment (payment_id, amount, create_at, payment_type) VALUES ('45e23230-d21f-4393-8af3-dd0ddb995b76', 4000, '2026-05-16 16:59:38', 'PARKING');
INSERT INTO parking_record_history (history_id, entry_time, exit_time, identifier, license_plate, type, card_id, payment_id, staff_in, staff_out, vehicle_type) VALUES ('85a56485-8433-49f5-acd3-960466b8b370', '2026-05-16 12:21:38', '2026-05-16 16:59:38', '22F8-12233', '22F8-12233', 'DAILY', '382112160526', '45e23230-d21f-4393-8af3-dd0ddb995b76', @staff1, @staff1, @moto_id);
INSERT INTO parking_card (card_id) VALUES ('382807240526') ON DUPLICATE KEY UPDATE card_id=card_id;
INSERT INTO payment (payment_id, amount, create_at, payment_type) VALUES ('699359d5-ca77-4015-9baa-a6caf1056c52', 4000, '2026-05-24 10:37:38', 'PARKING');
INSERT INTO parking_record_history (history_id, entry_time, exit_time, identifier, license_plate, type, card_id, payment_id, staff_in, staff_out, vehicle_type) VALUES ('fffa8589-d84c-4b61-b0a4-10ce07b97973', '2026-05-24 07:28:38', '2026-05-24 10:37:38', '93D2-47876', '93D2-47876', 'DAILY', '382807240526', '699359d5-ca77-4015-9baa-a6caf1056c52', @staff2, @staff2, @moto_id);
INSERT INTO parking_card (card_id) VALUES ('384907190526') ON DUPLICATE KEY UPDATE card_id=card_id;
INSERT INTO payment (payment_id, amount, create_at, payment_type) VALUES ('0fa97c6a-0b57-490e-8059-cd8f37e86ff1', 5000, '2026-05-19 13:01:38', 'PARKING');
INSERT INTO parking_record_history (history_id, entry_time, exit_time, identifier, license_plate, type, card_id, payment_id, staff_in, staff_out, vehicle_type) VALUES ('a4f1393b-ef61-4b47-bb73-b02d048d424c', '2026-05-19 07:49:38', '2026-05-19 13:01:38', '19D7-23549', '19D7-23549', 'DAILY', '384907190526', '0fa97c6a-0b57-490e-8059-cd8f37e86ff1', @staff2, @staff1, @scooter_id);
INSERT INTO parking_card (card_id) VALUES ('382103130526') ON DUPLICATE KEY UPDATE card_id=card_id;
INSERT INTO payment (payment_id, amount, create_at, payment_type) VALUES ('ccd44167-74a6-4700-8637-80a35973db0c', 5000, '2026-05-13 07:32:38', 'PARKING');
INSERT INTO parking_record_history (history_id, entry_time, exit_time, identifier, license_plate, type, card_id, payment_id, staff_in, staff_out, vehicle_type) VALUES ('020b7cb3-63cc-4030-b278-84e695898201', '2026-05-13 03:21:38', '2026-05-13 07:32:38', '82C7-45190', '82C7-45190', 'DAILY', '382103130526', 'ccd44167-74a6-4700-8637-80a35973db0c', @staff1, @staff1, @scooter_id);
INSERT INTO parking_card (card_id) VALUES ('380008300526') ON DUPLICATE KEY UPDATE card_id=card_id;
INSERT INTO payment (payment_id, amount, create_at, payment_type) VALUES ('5f6b0d9f-f608-426a-9797-2afdd813062d', 4000, '2026-05-30 11:41:38', 'PARKING');
INSERT INTO parking_record_history (history_id, entry_time, exit_time, identifier, license_plate, type, card_id, payment_id, staff_in, staff_out, vehicle_type) VALUES ('39f8cc45-fd70-4c13-bbd8-ef7df4494520', '2026-05-30 08:00:38', '2026-05-30 11:41:38', '84D4-50274', '84D4-50274', 'DAILY', '380008300526', '5f6b0d9f-f608-426a-9797-2afdd813062d', @staff1, @staff2, @moto_id);
INSERT INTO parking_card (card_id) VALUES ('383706150526') ON DUPLICATE KEY UPDATE card_id=card_id;
INSERT INTO payment (payment_id, amount, create_at, payment_type) VALUES ('ce995a0a-98aa-4100-887e-d9352be714c7', 2000, '2026-05-15 10:43:38', 'PARKING');
INSERT INTO parking_record_history (history_id, entry_time, exit_time, identifier, license_plate, type, card_id, payment_id, staff_in, staff_out, vehicle_type) VALUES ('39e666aa-a080-4161-8215-284fac31dac1', '2026-05-15 06:37:38', '2026-05-15 10:43:38', 'BIKE-891', 'BIKE-891', 'DAILY', '383706150526', 'ce995a0a-98aa-4100-887e-d9352be714c7', @staff1, @staff2, @bike_id);
INSERT INTO parking_card (card_id) VALUES ('380704310526') ON DUPLICATE KEY UPDATE card_id=card_id;
INSERT INTO payment (payment_id, amount, create_at, payment_type) VALUES ('cade8458-1d74-4097-ad34-e4149813c07e', 2000, '2026-05-31 07:05:38', 'PARKING');
INSERT INTO parking_record_history (history_id, entry_time, exit_time, identifier, license_plate, type, card_id, payment_id, staff_in, staff_out, vehicle_type) VALUES ('90f754aa-9466-4e78-8936-47dc6d1ebefa', '2026-05-31 04:07:38', '2026-05-31 07:05:38', 'BIKE-681', 'BIKE-681', 'DAILY', '380704310526', 'cade8458-1d74-4097-ad34-e4149813c07e', @staff2, @staff1, @bike_id);
INSERT INTO parking_card (card_id) VALUES ('381003210526') ON DUPLICATE KEY UPDATE card_id=card_id;
INSERT INTO payment (payment_id, amount, create_at, payment_type) VALUES ('04978e6f-5e1c-4870-ac02-048a54427b6a', 5000, '2026-05-21 08:47:38', 'PARKING');
INSERT INTO parking_record_history (history_id, entry_time, exit_time, identifier, license_plate, type, card_id, payment_id, staff_in, staff_out, vehicle_type) VALUES ('5da7c8e8-1bdf-40a5-a22e-5642da4c03ad', '2026-05-21 03:10:38', '2026-05-21 08:47:38', '79C7-13441', '79C7-13441', 'DAILY', '381003210526', '04978e6f-5e1c-4870-ac02-048a54427b6a', @staff1, @staff1, @scooter_id);
INSERT INTO parking_card (card_id) VALUES ('385911170526') ON DUPLICATE KEY UPDATE card_id=card_id;
INSERT INTO payment (payment_id, amount, create_at, payment_type) VALUES ('3b6adaab-4ddb-454c-bfbf-901da3e04318', 4000, '2026-05-17 15:54:38', 'PARKING');
INSERT INTO parking_record_history (history_id, entry_time, exit_time, identifier, license_plate, type, card_id, payment_id, staff_in, staff_out, vehicle_type) VALUES ('6a5e6102-2645-439e-b4a0-e1b87bd99511', '2026-05-17 11:59:38', '2026-05-17 15:54:38', '64F1-70027', '64F1-70027', 'DAILY', '385911170526', '3b6adaab-4ddb-454c-bfbf-901da3e04318', @staff2, @staff2, @moto_id);
INSERT INTO parking_card (card_id) VALUES ('380304020626') ON DUPLICATE KEY UPDATE card_id=card_id;
INSERT INTO payment (payment_id, amount, create_at, payment_type) VALUES ('de9dc3e1-6a1d-4d0f-a1d2-f495be352292', 2000, '2026-06-02 04:56:38', 'PARKING');
INSERT INTO parking_record_history (history_id, entry_time, exit_time, identifier, license_plate, type, card_id, payment_id, staff_in, staff_out, vehicle_type) VALUES ('8e8c66e0-abb8-4c54-bac6-ebc04df8d7af', '2026-06-02 04:03:38', '2026-06-02 04:56:38', 'BIKE-800', 'BIKE-800', 'DAILY', '380304020626', 'de9dc3e1-6a1d-4d0f-a1d2-f495be352292', @staff2, @staff2, @bike_id);
INSERT INTO parking_card (card_id) VALUES ('382212110526') ON DUPLICATE KEY UPDATE card_id=card_id;
INSERT INTO payment (payment_id, amount, create_at, payment_type) VALUES ('4d652f30-6582-44ae-939a-a8dbd215fd38', 4000, '2026-05-11 13:36:38', 'PARKING');
INSERT INTO parking_record_history (history_id, entry_time, exit_time, identifier, license_plate, type, card_id, payment_id, staff_in, staff_out, vehicle_type) VALUES ('9cecc6e4-f83f-4b2a-8753-5040edb30615', '2026-05-11 12:22:38', '2026-05-11 13:36:38', '15F7-49568', '15F7-49568', 'DAILY', '382212110526', '4d652f30-6582-44ae-939a-a8dbd215fd38', @staff2, @staff1, @moto_id);
INSERT INTO parking_card (card_id) VALUES ('380311060626') ON DUPLICATE KEY UPDATE card_id=card_id;
INSERT INTO payment (payment_id, amount, create_at, payment_type) VALUES ('2fb48ec8-608f-42db-9feb-7a1f8fb67906', 5000, '2026-06-06 17:04:38', 'PARKING');
INSERT INTO parking_record_history (history_id, entry_time, exit_time, identifier, license_plate, type, card_id, payment_id, staff_in, staff_out, vehicle_type) VALUES ('03decc8c-b4c7-4297-a1a1-43c928e9ed3e', '2026-06-06 11:03:38', '2026-06-06 17:04:38', '73C3-16662', '73C3-16662', 'DAILY', '380311060626', '2fb48ec8-608f-42db-9feb-7a1f8fb67906', @staff1, @staff1, @scooter_id);
INSERT INTO parking_card (card_id) VALUES ('385408020626') ON DUPLICATE KEY UPDATE card_id=card_id;
INSERT INTO payment (payment_id, amount, create_at, payment_type) VALUES ('c6a71699-8109-411d-bd54-149e28e73be2', 2000, '2026-06-02 11:06:38', 'PARKING');
INSERT INTO parking_record_history (history_id, entry_time, exit_time, identifier, license_plate, type, card_id, payment_id, staff_in, staff_out, vehicle_type) VALUES ('8255a812-83db-4fa0-a8e2-32ffcc37fac8', '2026-06-02 08:54:38', '2026-06-02 11:06:38', 'BIKE-562', 'BIKE-562', 'DAILY', '385408020626', 'c6a71699-8109-411d-bd54-149e28e73be2', @staff2, @staff2, @bike_id);
INSERT INTO parking_card (card_id) VALUES ('381405130526') ON DUPLICATE KEY UPDATE card_id=card_id;
INSERT INTO payment (payment_id, amount, create_at, payment_type) VALUES ('fee29301-bd45-482b-896e-f00a03b5b33e', 5000, '2026-05-13 09:29:38', 'PARKING');
INSERT INTO parking_record_history (history_id, entry_time, exit_time, identifier, license_plate, type, card_id, payment_id, staff_in, staff_out, vehicle_type) VALUES ('a588caae-0028-435b-8270-369d383712cd', '2026-05-13 05:14:38', '2026-05-13 09:29:38', '35D9-55447', '35D9-55447', 'DAILY', '381405130526', 'fee29301-bd45-482b-896e-f00a03b5b33e', @staff2, @staff2, @scooter_id);
INSERT INTO parking_card (card_id) VALUES ('381907120526') ON DUPLICATE KEY UPDATE card_id=card_id;
INSERT INTO payment (payment_id, amount, create_at, payment_type) VALUES ('eb198a43-f782-4ee1-a842-b5531c64edc1', 5000, '2026-05-12 09:02:38', 'PARKING');
INSERT INTO parking_record_history (history_id, entry_time, exit_time, identifier, license_plate, type, card_id, payment_id, staff_in, staff_out, vehicle_type) VALUES ('783806d8-f726-40ff-a3c0-665c6757ea3d', '2026-05-12 07:19:38', '2026-05-12 09:02:38', '26C7-98234', '26C7-98234', 'DAILY', '381907120526', 'eb198a43-f782-4ee1-a842-b5531c64edc1', @staff2, @staff1, @scooter_id);
INSERT INTO parking_card (card_id) VALUES ('383505020626') ON DUPLICATE KEY UPDATE card_id=card_id;
INSERT INTO payment (payment_id, amount, create_at, payment_type) VALUES ('0481932d-bc1e-434a-a0ed-491e05053f0e', 2000, '2026-06-02 10:49:38', 'PARKING');
INSERT INTO parking_record_history (history_id, entry_time, exit_time, identifier, license_plate, type, card_id, payment_id, staff_in, staff_out, vehicle_type) VALUES ('4e74b0c9-3de9-4e84-8547-0b7d20fda482', '2026-06-02 05:35:38', '2026-06-02 10:49:38', 'BIKE-207', 'BIKE-207', 'DAILY', '383505020626', '0481932d-bc1e-434a-a0ed-491e05053f0e', @staff2, @staff1, @bike_id);
INSERT INTO parking_card (card_id) VALUES ('381103100526') ON DUPLICATE KEY UPDATE card_id=card_id;
INSERT INTO payment (payment_id, amount, create_at, payment_type) VALUES ('e8c623dd-4118-4dbf-90d2-956c1e11436e', 5000, '2026-05-10 04:22:38', 'PARKING');
INSERT INTO parking_record_history (history_id, entry_time, exit_time, identifier, license_plate, type, card_id, payment_id, staff_in, staff_out, vehicle_type) VALUES ('9656e264-70d6-4922-8ece-7d706246df09', '2026-05-10 03:11:38', '2026-05-10 04:22:38', '12F1-21012', '12F1-21012', 'DAILY', '381103100526', 'e8c623dd-4118-4dbf-90d2-956c1e11436e', @staff1, @staff2, @scooter_id);
INSERT INTO parking_card (card_id) VALUES ('382606220526') ON DUPLICATE KEY UPDATE card_id=card_id;
INSERT INTO payment (payment_id, amount, create_at, payment_type) VALUES ('033fa1fc-b1c7-405b-86c4-e5c6d9ccf7a6', 2000, '2026-05-22 11:11:38', 'PARKING');
INSERT INTO parking_record_history (history_id, entry_time, exit_time, identifier, license_plate, type, card_id, payment_id, staff_in, staff_out, vehicle_type) VALUES ('f10ae588-9947-4b48-a989-443e28e05b84', '2026-05-22 06:26:38', '2026-05-22 11:11:38', 'BIKE-162', 'BIKE-162', 'DAILY', '382606220526', '033fa1fc-b1c7-405b-86c4-e5c6d9ccf7a6', @staff1, @staff1, @bike_id);
INSERT INTO parking_card (card_id) VALUES ('385911130526') ON DUPLICATE KEY UPDATE card_id=card_id;
INSERT INTO payment (payment_id, amount, create_at, payment_type) VALUES ('dff937c9-7773-4990-9e53-b1be972a2560', 4000, '2026-05-13 12:22:38', 'PARKING');
INSERT INTO parking_record_history (history_id, entry_time, exit_time, identifier, license_plate, type, card_id, payment_id, staff_in, staff_out, vehicle_type) VALUES ('4eb79e3a-5688-4dd3-a270-2a7c1df46f69', '2026-05-13 11:59:38', '2026-05-13 12:22:38', '35C4-12761', '35C4-12761', 'DAILY', '385911130526', 'dff937c9-7773-4990-9e53-b1be972a2560', @staff1, @staff1, @moto_id);
INSERT INTO parking_card (card_id) VALUES ('381709010626') ON DUPLICATE KEY UPDATE card_id=card_id;
INSERT INTO payment (payment_id, amount, create_at, payment_type) VALUES ('4fcf13a1-3e20-492c-b184-cda4b6d97e86', 5000, '2026-06-01 13:07:38', 'PARKING');
INSERT INTO parking_record_history (history_id, entry_time, exit_time, identifier, license_plate, type, card_id, payment_id, staff_in, staff_out, vehicle_type) VALUES ('f7733c69-306a-4b14-b6a8-52191678546c', '2026-06-01 09:17:38', '2026-06-01 13:07:38', '93A1-29064', '93A1-29064', 'DAILY', '381709010626', '4fcf13a1-3e20-492c-b184-cda4b6d97e86', @staff1, @staff2, @scooter_id);
INSERT INTO parking_card (card_id) VALUES ('385407270526') ON DUPLICATE KEY UPDATE card_id=card_id;
INSERT INTO payment (payment_id, amount, create_at, payment_type) VALUES ('f83f4650-0bba-4470-a750-a3163fe7f165', 5000, '2026-05-27 08:35:38', 'PARKING');
INSERT INTO parking_record_history (history_id, entry_time, exit_time, identifier, license_plate, type, card_id, payment_id, staff_in, staff_out, vehicle_type) VALUES ('69414b12-fcf2-48c4-9cb5-baf22756f229', '2026-05-27 07:54:38', '2026-05-27 08:35:38', '94A6-22393', '94A6-22393', 'DAILY', '385407270526', 'f83f4650-0bba-4470-a750-a3163fe7f165', @staff1, @staff1, @scooter_id);
INSERT INTO parking_card (card_id) VALUES ('384305250526') ON DUPLICATE KEY UPDATE card_id=card_id;
INSERT INTO payment (payment_id, amount, create_at, payment_type) VALUES ('50f27c2f-1d8e-4410-afb9-2d6f0afef72a', 2000, '2026-05-25 06:04:38', 'PARKING');
INSERT INTO parking_record_history (history_id, entry_time, exit_time, identifier, license_plate, type, card_id, payment_id, staff_in, staff_out, vehicle_type) VALUES ('0d4b5afd-5997-4552-b515-bc3495767d5b', '2026-05-25 05:43:38', '2026-05-25 06:04:38', 'BIKE-686', 'BIKE-686', 'DAILY', '384305250526', '50f27c2f-1d8e-4410-afb9-2d6f0afef72a', @staff2, @staff2, @bike_id);
INSERT INTO parking_card (card_id) VALUES ('380903010626') ON DUPLICATE KEY UPDATE card_id=card_id;
INSERT INTO payment (payment_id, amount, create_at, payment_type) VALUES ('6c50b8b9-2b8d-4e33-a9fe-745ad4f06c1c', 5000, '2026-06-01 07:25:38', 'PARKING');
INSERT INTO parking_record_history (history_id, entry_time, exit_time, identifier, license_plate, type, card_id, payment_id, staff_in, staff_out, vehicle_type) VALUES ('798f0a2d-930d-4402-8353-834bbcb0561b', '2026-06-01 03:09:38', '2026-06-01 07:25:38', '98A8-88597', '98A8-88597', 'DAILY', '380903010626', '6c50b8b9-2b8d-4e33-a9fe-745ad4f06c1c', @staff1, @staff2, @scooter_id);
INSERT INTO parking_card (card_id) VALUES ('383207140526') ON DUPLICATE KEY UPDATE card_id=card_id;
INSERT INTO payment (payment_id, amount, create_at, payment_type) VALUES ('216b51f8-b1e6-4055-9a5e-560510ca83e7', 2000, '2026-05-14 11:38:38', 'PARKING');
INSERT INTO parking_record_history (history_id, entry_time, exit_time, identifier, license_plate, type, card_id, payment_id, staff_in, staff_out, vehicle_type) VALUES ('538235bf-d821-4904-8778-fa26b9debfc2', '2026-05-14 07:32:38', '2026-05-14 11:38:38', 'BIKE-549', 'BIKE-549', 'DAILY', '383207140526', '216b51f8-b1e6-4055-9a5e-560510ca83e7', @staff1, @staff2, @bike_id);
INSERT INTO parking_card (card_id) VALUES ('383203050626') ON DUPLICATE KEY UPDATE card_id=card_id;
INSERT INTO payment (payment_id, amount, create_at, payment_type) VALUES ('bea7a9cd-4ade-40b1-b06d-0216f69c3a36', 5000, '2026-06-05 05:15:38', 'PARKING');
INSERT INTO parking_record_history (history_id, entry_time, exit_time, identifier, license_plate, type, card_id, payment_id, staff_in, staff_out, vehicle_type) VALUES ('53dedce1-54c4-49a5-afd7-0a7e81bb7645', '2026-06-05 03:32:38', '2026-06-05 05:15:38', '41E7-14097', '41E7-14097', 'DAILY', '383203050626', 'bea7a9cd-4ade-40b1-b06d-0216f69c3a36', @staff1, @staff2, @scooter_id);
INSERT INTO parking_card (card_id) VALUES ('381812170526') ON DUPLICATE KEY UPDATE card_id=card_id;
INSERT INTO payment (payment_id, amount, create_at, payment_type) VALUES ('bf5449d1-6f83-4b51-b4a0-8e5f4c4b0fd0', 4000, '2026-05-17 14:06:38', 'PARKING');
INSERT INTO parking_record_history (history_id, entry_time, exit_time, identifier, license_plate, type, card_id, payment_id, staff_in, staff_out, vehicle_type) VALUES ('d10b1ad1-d38a-4399-aeab-743eddba9dd1', '2026-05-17 12:18:38', '2026-05-17 14:06:38', '40A4-41546', '40A4-41546', 'DAILY', '381812170526', 'bf5449d1-6f83-4b51-b4a0-8e5f4c4b0fd0', @staff1, @staff2, @moto_id);
INSERT INTO parking_card (card_id) VALUES ('380406290526') ON DUPLICATE KEY UPDATE card_id=card_id;
INSERT INTO payment (payment_id, amount, create_at, payment_type) VALUES ('38935a75-bd7a-48f7-a072-d23935ac3202', 4000, '2026-05-29 11:05:38', 'PARKING');
INSERT INTO parking_record_history (history_id, entry_time, exit_time, identifier, license_plate, type, card_id, payment_id, staff_in, staff_out, vehicle_type) VALUES ('d26713e7-2e2c-41f6-948b-70b95e31eacc', '2026-05-29 06:04:38', '2026-05-29 11:05:38', '45C5-40603', '45C5-40603', 'DAILY', '380406290526', '38935a75-bd7a-48f7-a072-d23935ac3202', @staff2, @staff2, @moto_id);
INSERT INTO parking_card (card_id) VALUES ('380805130526') ON DUPLICATE KEY UPDATE card_id=card_id;
INSERT INTO payment (payment_id, amount, create_at, payment_type) VALUES ('a312cb3e-0d04-4971-b7b8-656292e9e663', 5000, '2026-05-13 06:42:38', 'PARKING');
INSERT INTO parking_record_history (history_id, entry_time, exit_time, identifier, license_plate, type, card_id, payment_id, staff_in, staff_out, vehicle_type) VALUES ('b85e33aa-ee36-451b-8480-df33190d5e17', '2026-05-13 05:08:38', '2026-05-13 06:42:38', '44C3-93470', '44C3-93470', 'DAILY', '380805130526', 'a312cb3e-0d04-4971-b7b8-656292e9e663', @staff1, @staff2, @scooter_id);
INSERT INTO parking_card (card_id) VALUES ('381805260526') ON DUPLICATE KEY UPDATE card_id=card_id;
INSERT INTO payment (payment_id, amount, create_at, payment_type) VALUES ('87db7fe5-581e-4bb5-923f-93eaa0002fcc', 4000, '2026-05-26 07:36:38', 'PARKING');
INSERT INTO parking_record_history (history_id, entry_time, exit_time, identifier, license_plate, type, card_id, payment_id, staff_in, staff_out, vehicle_type) VALUES ('fc22447e-e346-4a11-8ce8-0e1be167d4a7', '2026-05-26 05:18:38', '2026-05-26 07:36:38', '99C7-42600', '99C7-42600', 'DAILY', '381805260526', '87db7fe5-581e-4bb5-923f-93eaa0002fcc', @staff1, @staff2, @moto_id);
INSERT INTO parking_card (card_id) VALUES ('385703020626') ON DUPLICATE KEY UPDATE card_id=card_id;
INSERT INTO payment (payment_id, amount, create_at, payment_type) VALUES ('fd35ec25-4c12-4510-9c03-5d1e22d3a372', 5000, '2026-06-02 04:57:38', 'PARKING');
INSERT INTO parking_record_history (history_id, entry_time, exit_time, identifier, license_plate, type, card_id, payment_id, staff_in, staff_out, vehicle_type) VALUES ('0dfdb4c1-a195-4480-80ef-2109d745090c', '2026-06-02 03:57:38', '2026-06-02 04:57:38', '37F2-49708', '37F2-49708', 'DAILY', '385703020626', 'fd35ec25-4c12-4510-9c03-5d1e22d3a372', @staff2, @staff1, @scooter_id);
INSERT INTO parking_card (card_id) VALUES ('384710200526') ON DUPLICATE KEY UPDATE card_id=card_id;
INSERT INTO payment (payment_id, amount, create_at, payment_type) VALUES ('9b6b3a11-48d9-46d6-9439-4dab9b2a686e', 2000, '2026-05-20 11:24:38', 'PARKING');
INSERT INTO parking_record_history (history_id, entry_time, exit_time, identifier, license_plate, type, card_id, payment_id, staff_in, staff_out, vehicle_type) VALUES ('fd99ba05-8095-4865-9340-a59b871331f8', '2026-05-20 10:47:38', '2026-05-20 11:24:38', 'BIKE-607', 'BIKE-607', 'DAILY', '384710200526', '9b6b3a11-48d9-46d6-9439-4dab9b2a686e', @staff1, @staff2, @bike_id);
INSERT INTO parking_card (card_id) VALUES ('380806310526') ON DUPLICATE KEY UPDATE card_id=card_id;
INSERT INTO payment (payment_id, amount, create_at, payment_type) VALUES ('117b5666-ff50-44ab-93e2-0efd04ace640', 5000, '2026-05-31 06:31:38', 'PARKING');
INSERT INTO parking_record_history (history_id, entry_time, exit_time, identifier, license_plate, type, card_id, payment_id, staff_in, staff_out, vehicle_type) VALUES ('c501756c-011b-49c9-a576-dcfe4d0cd5cf', '2026-05-31 06:08:38', '2026-05-31 06:31:38', '72A2-16504', '72A2-16504', 'DAILY', '380806310526', '117b5666-ff50-44ab-93e2-0efd04ace640', @staff1, @staff2, @scooter_id);
INSERT INTO parking_card (card_id) VALUES ('380709220526') ON DUPLICATE KEY UPDATE card_id=card_id;
INSERT INTO payment (payment_id, amount, create_at, payment_type) VALUES ('39fc0673-49a6-4e0a-8ae8-ac9ad9452e39', 2000, '2026-05-22 13:11:38', 'PARKING');
INSERT INTO parking_record_history (history_id, entry_time, exit_time, identifier, license_plate, type, card_id, payment_id, staff_in, staff_out, vehicle_type) VALUES ('61d2daea-61b9-4e0e-b514-5627619bcc17', '2026-05-22 09:07:38', '2026-05-22 13:11:38', 'BIKE-899', 'BIKE-899', 'DAILY', '380709220526', '39fc0673-49a6-4e0a-8ae8-ac9ad9452e39', @staff1, @staff1, @bike_id);
INSERT INTO parking_card (card_id) VALUES ('382706010626') ON DUPLICATE KEY UPDATE card_id=card_id;
INSERT INTO payment (payment_id, amount, create_at, payment_type) VALUES ('2f3d7203-1ea9-4f77-962e-e84618ef7fae', 2000, '2026-06-01 07:28:38', 'PARKING');
INSERT INTO parking_record_history (history_id, entry_time, exit_time, identifier, license_plate, type, card_id, payment_id, staff_in, staff_out, vehicle_type) VALUES ('6dcd9d97-f5da-48c8-adb5-3de69e0632dc', '2026-06-01 06:27:38', '2026-06-01 07:28:38', 'BIKE-443', 'BIKE-443', 'DAILY', '382706010626', '2f3d7203-1ea9-4f77-962e-e84618ef7fae', @staff2, @staff2, @bike_id);
INSERT INTO parking_card (card_id) VALUES ('384006270526') ON DUPLICATE KEY UPDATE card_id=card_id;
INSERT INTO payment (payment_id, amount, create_at, payment_type) VALUES ('8bb05e6b-5766-4774-8266-4f18e3feb5b8', 5000, '2026-05-27 11:07:38', 'PARKING');
INSERT INTO parking_record_history (history_id, entry_time, exit_time, identifier, license_plate, type, card_id, payment_id, staff_in, staff_out, vehicle_type) VALUES ('ba81f815-348b-4d91-bbdc-2a2b9992640c', '2026-05-27 06:40:38', '2026-05-27 11:07:38', '72E6-55124', '72E6-55124', 'DAILY', '384006270526', '8bb05e6b-5766-4774-8266-4f18e3feb5b8', @staff1, @staff2, @scooter_id);
INSERT INTO parking_card (card_id) VALUES ('383206210526') ON DUPLICATE KEY UPDATE card_id=card_id;
INSERT INTO payment (payment_id, amount, create_at, payment_type) VALUES ('b3dfd446-1a72-4b8c-a74b-af31fbdbc613', 4000, '2026-05-21 10:17:38', 'PARKING');
INSERT INTO parking_record_history (history_id, entry_time, exit_time, identifier, license_plate, type, card_id, payment_id, staff_in, staff_out, vehicle_type) VALUES ('6268bcf0-581f-4bd9-a38b-46630f49fab9', '2026-05-21 06:32:38', '2026-05-21 10:17:38', '90A4-14267', '90A4-14267', 'DAILY', '383206210526', 'b3dfd446-1a72-4b8c-a74b-af31fbdbc613', @staff2, @staff2, @moto_id);
INSERT INTO parking_card (card_id) VALUES ('382403040626') ON DUPLICATE KEY UPDATE card_id=card_id;
INSERT INTO payment (payment_id, amount, create_at, payment_type) VALUES ('0720537b-e643-49bc-89d0-89c80fa93c47', 2000, '2026-06-04 07:41:38', 'PARKING');
INSERT INTO parking_record_history (history_id, entry_time, exit_time, identifier, license_plate, type, card_id, payment_id, staff_in, staff_out, vehicle_type) VALUES ('7a7ec68a-3410-4155-ae94-663a9e5519f5', '2026-06-04 03:24:38', '2026-06-04 07:41:38', 'BIKE-678', 'BIKE-678', 'DAILY', '382403040626', '0720537b-e643-49bc-89d0-89c80fa93c47', @staff2, @staff2, @bike_id);
INSERT INTO parking_card (card_id) VALUES ('383006200526') ON DUPLICATE KEY UPDATE card_id=card_id;
INSERT INTO payment (payment_id, amount, create_at, payment_type) VALUES ('56665ab0-0900-4f7c-8600-f183950cffa4', 5000, '2026-05-20 07:40:38', 'PARKING');
INSERT INTO parking_record_history (history_id, entry_time, exit_time, identifier, license_plate, type, card_id, payment_id, staff_in, staff_out, vehicle_type) VALUES ('56ccb880-d8cf-4722-98fc-6077831af6ef', '2026-05-20 06:30:38', '2026-05-20 07:40:38', '73C2-80410', '73C2-80410', 'DAILY', '383006200526', '56665ab0-0900-4f7c-8600-f183950cffa4', @staff2, @staff2, @scooter_id);
INSERT INTO parking_card (card_id) VALUES ('380409070526') ON DUPLICATE KEY UPDATE card_id=card_id;
INSERT INTO payment (payment_id, amount, create_at, payment_type) VALUES ('ad3648b3-9393-4d40-9a3c-e79a8ce7bca8', 5000, '2026-05-07 11:28:38', 'PARKING');
INSERT INTO parking_record_history (history_id, entry_time, exit_time, identifier, license_plate, type, card_id, payment_id, staff_in, staff_out, vehicle_type) VALUES ('a32db24c-b62b-4f64-ab5e-f8a97758618a', '2026-05-07 09:04:38', '2026-05-07 11:28:38', '89B7-19793', '89B7-19793', 'DAILY', '380409070526', 'ad3648b3-9393-4d40-9a3c-e79a8ce7bca8', @staff1, @staff2, @scooter_id);
INSERT INTO parking_card (card_id) VALUES ('380610120526') ON DUPLICATE KEY UPDATE card_id=card_id;
INSERT INTO payment (payment_id, amount, create_at, payment_type) VALUES ('13f58a96-fde7-4e13-9233-11c3761b221e', 4000, '2026-05-12 12:00:38', 'PARKING');
INSERT INTO parking_record_history (history_id, entry_time, exit_time, identifier, license_plate, type, card_id, payment_id, staff_in, staff_out, vehicle_type) VALUES ('87168d12-6b83-4e56-adcd-022b038d9c10', '2026-05-12 10:06:38', '2026-05-12 12:00:38', '86D9-14047', '86D9-14047', 'DAILY', '380610120526', '13f58a96-fde7-4e13-9233-11c3761b221e', @staff2, @staff2, @moto_id);
INSERT INTO parking_card (card_id) VALUES ('384805200526') ON DUPLICATE KEY UPDATE card_id=card_id;
INSERT INTO payment (payment_id, amount, create_at, payment_type) VALUES ('9aedf6cb-8102-4658-85e1-a95da7d467bd', 2000, '2026-05-20 07:27:38', 'PARKING');
INSERT INTO parking_record_history (history_id, entry_time, exit_time, identifier, license_plate, type, card_id, payment_id, staff_in, staff_out, vehicle_type) VALUES ('2e7f3065-7bf9-4f10-8249-0c4d8bf9d10c', '2026-05-20 05:48:38', '2026-05-20 07:27:38', 'BIKE-353', 'BIKE-353', 'DAILY', '384805200526', '9aedf6cb-8102-4658-85e1-a95da7d467bd', @staff2, @staff1, @bike_id);
INSERT INTO parking_card (card_id) VALUES ('382811220526') ON DUPLICATE KEY UPDATE card_id=card_id;
INSERT INTO payment (payment_id, amount, create_at, payment_type) VALUES ('a92bd7a6-e457-4081-9f28-64acc6280a9a', 4000, '2026-05-22 14:34:38', 'PARKING');
INSERT INTO parking_record_history (history_id, entry_time, exit_time, identifier, license_plate, type, card_id, payment_id, staff_in, staff_out, vehicle_type) VALUES ('f6b333ac-21b5-4ec7-afd8-4a3b73d60a30', '2026-05-22 11:28:38', '2026-05-22 14:34:38', '69D3-19907', '69D3-19907', 'DAILY', '382811220526', 'a92bd7a6-e457-4081-9f28-64acc6280a9a', @staff1, @staff1, @moto_id);
INSERT INTO parking_card (card_id) VALUES ('385211200526') ON DUPLICATE KEY UPDATE card_id=card_id;
INSERT INTO payment (payment_id, amount, create_at, payment_type) VALUES ('0e6a9b91-acef-465f-b6c9-c531d4f91e30', 5000, '2026-05-20 14:46:38', 'PARKING');
INSERT INTO parking_record_history (history_id, entry_time, exit_time, identifier, license_plate, type, card_id, payment_id, staff_in, staff_out, vehicle_type) VALUES ('af7490a7-1cf5-441f-a7fa-81f5954a85cc', '2026-05-20 11:52:38', '2026-05-20 14:46:38', '84B9-97280', '84B9-97280', 'DAILY', '385211200526', '0e6a9b91-acef-465f-b6c9-c531d4f91e30', @staff1, @staff2, @scooter_id);
INSERT INTO parking_card (card_id) VALUES ('385111050626') ON DUPLICATE KEY UPDATE card_id=card_id;
INSERT INTO payment (payment_id, amount, create_at, payment_type) VALUES ('b1e55b33-8c9f-4952-8bdf-62aa15327f50', 5000, '2026-06-05 15:50:38', 'PARKING');
INSERT INTO parking_record_history (history_id, entry_time, exit_time, identifier, license_plate, type, card_id, payment_id, staff_in, staff_out, vehicle_type) VALUES ('06a4b618-c2c5-437f-b6d1-b1386d1177dc', '2026-06-05 11:51:38', '2026-06-05 15:50:38', '59C6-58817', '59C6-58817', 'DAILY', '385111050626', 'b1e55b33-8c9f-4952-8bdf-62aa15327f50', @staff1, @staff1, @scooter_id);
INSERT INTO parking_card (card_id) VALUES ('384006230526') ON DUPLICATE KEY UPDATE card_id=card_id;
INSERT INTO payment (payment_id, amount, create_at, payment_type) VALUES ('dff29875-a8ff-478a-9f6c-87ed015dd4a8', 5000, '2026-05-23 12:57:38', 'PARKING');
INSERT INTO parking_record_history (history_id, entry_time, exit_time, identifier, license_plate, type, card_id, payment_id, staff_in, staff_out, vehicle_type) VALUES ('10ef76af-0ca7-4f4b-84e0-3743b9689123', '2026-05-23 06:40:38', '2026-05-23 12:57:38', '66F8-57762', '66F8-57762', 'DAILY', '384006230526', 'dff29875-a8ff-478a-9f6c-87ed015dd4a8', @staff2, @staff1, @scooter_id);
INSERT INTO parking_card (card_id) VALUES ('384210300526') ON DUPLICATE KEY UPDATE card_id=card_id;
INSERT INTO payment (payment_id, amount, create_at, payment_type) VALUES ('eed0c529-646a-4849-9d23-259738fccb35', 4000, '2026-05-30 16:41:38', 'PARKING');
INSERT INTO parking_record_history (history_id, entry_time, exit_time, identifier, license_plate, type, card_id, payment_id, staff_in, staff_out, vehicle_type) VALUES ('88bb21d0-8a27-4cef-b65c-4e77a50ff9be', '2026-05-30 10:42:38', '2026-05-30 16:41:38', '53E8-82476', '53E8-82476', 'DAILY', '384210300526', 'eed0c529-646a-4849-9d23-259738fccb35', @staff1, @staff1, @moto_id);
INSERT INTO parking_card (card_id) VALUES ('380012040626') ON DUPLICATE KEY UPDATE card_id=card_id;
INSERT INTO payment (payment_id, amount, create_at, payment_type) VALUES ('53e10a67-87d9-4f3e-afe5-16b70cbb0313', 2000, '2026-06-04 16:00:38', 'PARKING');
INSERT INTO parking_record_history (history_id, entry_time, exit_time, identifier, license_plate, type, card_id, payment_id, staff_in, staff_out, vehicle_type) VALUES ('f9ce98d3-cedc-4bed-b7af-445438d719fc', '2026-06-04 12:00:38', '2026-06-04 16:00:38', 'BIKE-999', 'BIKE-999', 'DAILY', '380012040626', '53e10a67-87d9-4f3e-afe5-16b70cbb0313', @staff2, @staff2, @bike_id);
INSERT INTO parking_card (card_id) VALUES ('383306100526') ON DUPLICATE KEY UPDATE card_id=card_id;
INSERT INTO payment (payment_id, amount, create_at, payment_type) VALUES ('024b20ff-f9ca-4264-b421-6339782d775a', 2000, '2026-05-10 10:11:38', 'PARKING');
INSERT INTO parking_record_history (history_id, entry_time, exit_time, identifier, license_plate, type, card_id, payment_id, staff_in, staff_out, vehicle_type) VALUES ('7194df29-0c0a-49e6-8e11-13f4a04a008b', '2026-05-10 06:33:38', '2026-05-10 10:11:38', 'BIKE-236', 'BIKE-236', 'DAILY', '383306100526', '024b20ff-f9ca-4264-b421-6339782d775a', @staff1, @staff1, @bike_id);
INSERT INTO parking_card (card_id) VALUES ('381612230526') ON DUPLICATE KEY UPDATE card_id=card_id;
INSERT INTO payment (payment_id, amount, create_at, payment_type) VALUES ('cbd5deb2-c2e3-420f-9de5-9958499f71f2', 2000, '2026-05-23 16:27:38', 'PARKING');
INSERT INTO parking_record_history (history_id, entry_time, exit_time, identifier, license_plate, type, card_id, payment_id, staff_in, staff_out, vehicle_type) VALUES ('a8a3450a-b719-482b-86c4-530b4b4bc506', '2026-05-23 12:16:38', '2026-05-23 16:27:38', 'BIKE-164', 'BIKE-164', 'DAILY', '381612230526', 'cbd5deb2-c2e3-420f-9de5-9958499f71f2', @staff2, @staff1, @bike_id);
INSERT INTO parking_card (card_id) VALUES ('385006170526') ON DUPLICATE KEY UPDATE card_id=card_id;
INSERT INTO payment (payment_id, amount, create_at, payment_type) VALUES ('d1b867ab-60c3-4746-a87f-f2b3a85563e4', 4000, '2026-05-17 13:28:38', 'PARKING');
INSERT INTO parking_record_history (history_id, entry_time, exit_time, identifier, license_plate, type, card_id, payment_id, staff_in, staff_out, vehicle_type) VALUES ('50313aad-9045-411b-a172-5ffc650dd1ea', '2026-05-17 06:50:38', '2026-05-17 13:28:38', '78A9-20326', '78A9-20326', 'DAILY', '385006170526', 'd1b867ab-60c3-4746-a87f-f2b3a85563e4', @staff2, @staff2, @moto_id);
INSERT INTO parking_card (card_id) VALUES ('385603040626') ON DUPLICATE KEY UPDATE card_id=card_id;
INSERT INTO payment (payment_id, amount, create_at, payment_type) VALUES ('390399f5-b872-4e33-981a-8dfc4b5db4de', 5000, '2026-06-04 10:36:38', 'PARKING');
INSERT INTO parking_record_history (history_id, entry_time, exit_time, identifier, license_plate, type, card_id, payment_id, staff_in, staff_out, vehicle_type) VALUES ('5db9e70f-b75d-4280-a419-f19668ac1849', '2026-06-04 03:56:38', '2026-06-04 10:36:38', '81C8-18349', '81C8-18349', 'DAILY', '385603040626', '390399f5-b872-4e33-981a-8dfc4b5db4de', @staff2, @staff2, @scooter_id);
INSERT INTO parking_card (card_id) VALUES ('383907200526') ON DUPLICATE KEY UPDATE card_id=card_id;
INSERT INTO payment (payment_id, amount, create_at, payment_type) VALUES ('b6096522-7db9-4fed-a6c2-bef1d470342c', 2000, '2026-05-20 08:45:38', 'PARKING');
INSERT INTO parking_record_history (history_id, entry_time, exit_time, identifier, license_plate, type, card_id, payment_id, staff_in, staff_out, vehicle_type) VALUES ('e3eaab5c-67d0-4388-9228-c3f8c4693b89', '2026-05-20 07:39:38', '2026-05-20 08:45:38', 'BIKE-779', 'BIKE-779', 'DAILY', '383907200526', 'b6096522-7db9-4fed-a6c2-bef1d470342c', @staff2, @staff2, @bike_id);
INSERT INTO parking_card (card_id) VALUES ('384410090526') ON DUPLICATE KEY UPDATE card_id=card_id;
INSERT INTO payment (payment_id, amount, create_at, payment_type) VALUES ('212528ca-1bcd-42ef-bd0a-7187a9a03c9a', 2000, '2026-05-09 11:30:38', 'PARKING');
INSERT INTO parking_record_history (history_id, entry_time, exit_time, identifier, license_plate, type, card_id, payment_id, staff_in, staff_out, vehicle_type) VALUES ('c405d66c-7137-411d-b2ba-9d1efeed71b0', '2026-05-09 10:44:38', '2026-05-09 11:30:38', 'BIKE-190', 'BIKE-190', 'DAILY', '384410090526', '212528ca-1bcd-42ef-bd0a-7187a9a03c9a', @staff2, @staff2, @bike_id);
INSERT INTO parking_card (card_id) VALUES ('383705050626') ON DUPLICATE KEY UPDATE card_id=card_id;
INSERT INTO payment (payment_id, amount, create_at, payment_type) VALUES ('39627462-df22-424a-b620-55fcc4a6a085', 4000, '2026-06-05 11:05:38', 'PARKING');
INSERT INTO parking_record_history (history_id, entry_time, exit_time, identifier, license_plate, type, card_id, payment_id, staff_in, staff_out, vehicle_type) VALUES ('162d00d9-c966-42c9-9818-c94f19a63cd4', '2026-06-05 05:37:38', '2026-06-05 11:05:38', '94A3-61946', '94A3-61946', 'DAILY', '383705050626', '39627462-df22-424a-b620-55fcc4a6a085', @staff2, @staff1, @moto_id);
INSERT INTO parking_card (card_id) VALUES ('385406200526') ON DUPLICATE KEY UPDATE card_id=card_id;
INSERT INTO payment (payment_id, amount, create_at, payment_type) VALUES ('ac8210e7-2ea2-4278-9dbb-1ffe8cbe607c', 4000, '2026-05-20 12:25:38', 'PARKING');
INSERT INTO parking_record_history (history_id, entry_time, exit_time, identifier, license_plate, type, card_id, payment_id, staff_in, staff_out, vehicle_type) VALUES ('8317b570-14cf-4042-aeac-b14853926e07', '2026-05-20 06:54:38', '2026-05-20 12:25:38', '66F5-46911', '66F5-46911', 'DAILY', '385406200526', 'ac8210e7-2ea2-4278-9dbb-1ffe8cbe607c', @staff2, @staff2, @moto_id);
INSERT INTO parking_card (card_id) VALUES ('383611050626') ON DUPLICATE KEY UPDATE card_id=card_id;
INSERT INTO payment (payment_id, amount, create_at, payment_type) VALUES ('83aca345-1b69-45ac-8bf0-1b8d06874c99', 4000, '2026-06-05 16:01:38', 'PARKING');
INSERT INTO parking_record_history (history_id, entry_time, exit_time, identifier, license_plate, type, card_id, payment_id, staff_in, staff_out, vehicle_type) VALUES ('9045a250-43d4-49f3-bcce-84fd70d45b0c', '2026-06-05 11:36:38', '2026-06-05 16:01:38', '32E3-82026', '32E3-82026', 'DAILY', '383611050626', '83aca345-1b69-45ac-8bf0-1b8d06874c99', @staff2, @staff2, @moto_id);
INSERT INTO parking_card (card_id) VALUES ('381311240526') ON DUPLICATE KEY UPDATE card_id=card_id;
INSERT INTO payment (payment_id, amount, create_at, payment_type) VALUES ('d983a07c-fa1b-400e-86dd-327dcd7f04fa', 4000, '2026-05-24 16:51:38', 'PARKING');
INSERT INTO parking_record_history (history_id, entry_time, exit_time, identifier, license_plate, type, card_id, payment_id, staff_in, staff_out, vehicle_type) VALUES ('3fd6da1d-a579-4ac6-a300-290c9afc8806', '2026-05-24 11:13:38', '2026-05-24 16:51:38', '72A8-61785', '72A8-61785', 'DAILY', '381311240526', 'd983a07c-fa1b-400e-86dd-327dcd7f04fa', @staff2, @staff2, @moto_id);
INSERT INTO parking_card (card_id) VALUES ('383507260526') ON DUPLICATE KEY UPDATE card_id=card_id;
INSERT INTO payment (payment_id, amount, create_at, payment_type) VALUES ('af250456-5a58-4af1-8562-64402fb466ec', 4000, '2026-05-26 12:56:38', 'PARKING');
INSERT INTO parking_record_history (history_id, entry_time, exit_time, identifier, license_plate, type, card_id, payment_id, staff_in, staff_out, vehicle_type) VALUES ('46595de6-2848-4c0b-9218-9d0929b11ea9', '2026-05-26 07:35:38', '2026-05-26 12:56:38', '65D2-45794', '65D2-45794', 'DAILY', '383507260526', 'af250456-5a58-4af1-8562-64402fb466ec', @staff1, @staff2, @moto_id);
INSERT INTO parking_card (card_id) VALUES ('382305230526') ON DUPLICATE KEY UPDATE card_id=card_id;
INSERT INTO payment (payment_id, amount, create_at, payment_type) VALUES ('d642d6c5-efc7-4811-936c-32cab066af9a', 2000, '2026-05-23 10:21:38', 'PARKING');
INSERT INTO parking_record_history (history_id, entry_time, exit_time, identifier, license_plate, type, card_id, payment_id, staff_in, staff_out, vehicle_type) VALUES ('9726da42-804f-4ac4-b66e-731a3d11dfbc', '2026-05-23 05:23:38', '2026-05-23 10:21:38', 'BIKE-871', 'BIKE-871', 'DAILY', '382305230526', 'd642d6c5-efc7-4811-936c-32cab066af9a', @staff1, @staff1, @bike_id);
INSERT INTO parking_card (card_id) VALUES ('384211080526') ON DUPLICATE KEY UPDATE card_id=card_id;
INSERT INTO payment (payment_id, amount, create_at, payment_type) VALUES ('75877ee7-1444-4d77-be06-bcea3ef8abae', 2000, '2026-05-08 14:03:38', 'PARKING');
INSERT INTO parking_record_history (history_id, entry_time, exit_time, identifier, license_plate, type, card_id, payment_id, staff_in, staff_out, vehicle_type) VALUES ('231790ed-472b-45a5-b977-e67eba14a58d', '2026-05-08 11:42:38', '2026-05-08 14:03:38', 'BIKE-810', 'BIKE-810', 'DAILY', '384211080526', '75877ee7-1444-4d77-be06-bcea3ef8abae', @staff2, @staff1, @bike_id);
INSERT INTO parking_card (card_id) VALUES ('382412050626') ON DUPLICATE KEY UPDATE card_id=card_id;
INSERT INTO payment (payment_id, amount, create_at, payment_type) VALUES ('8fa0a37f-4cc0-4746-bc7c-5dbc04a01867', 5000, '2026-06-05 14:24:38', 'PARKING');
INSERT INTO parking_record_history (history_id, entry_time, exit_time, identifier, license_plate, type, card_id, payment_id, staff_in, staff_out, vehicle_type) VALUES ('941e2d6a-dd1a-449d-95fa-415c43526450', '2026-06-05 12:24:38', '2026-06-05 14:24:38', '76E5-37829', '76E5-37829', 'DAILY', '382412050626', '8fa0a37f-4cc0-4746-bc7c-5dbc04a01867', @staff1, @staff1, @scooter_id);
INSERT INTO parking_card (card_id) VALUES ('381605090526') ON DUPLICATE KEY UPDATE card_id=card_id;
INSERT INTO payment (payment_id, amount, create_at, payment_type) VALUES ('c4ae4a5a-cf5c-407a-92bc-a12e6413dfeb', 4000, '2026-05-09 07:04:38', 'PARKING');
INSERT INTO parking_record_history (history_id, entry_time, exit_time, identifier, license_plate, type, card_id, payment_id, staff_in, staff_out, vehicle_type) VALUES ('521b776e-a652-4016-98b6-111ba6129b37', '2026-05-09 05:16:38', '2026-05-09 07:04:38', '60B5-80045', '60B5-80045', 'DAILY', '381605090526', 'c4ae4a5a-cf5c-407a-92bc-a12e6413dfeb', @staff1, @staff1, @moto_id);
INSERT INTO parking_card (card_id) VALUES ('384105290526') ON DUPLICATE KEY UPDATE card_id=card_id;
INSERT INTO payment (payment_id, amount, create_at, payment_type) VALUES ('e5a6bdcc-a677-41cc-add0-a707fa9758d0', 4000, '2026-05-29 07:17:38', 'PARKING');
INSERT INTO parking_record_history (history_id, entry_time, exit_time, identifier, license_plate, type, card_id, payment_id, staff_in, staff_out, vehicle_type) VALUES ('0352fd2a-4956-4d85-96a6-b062a18983db', '2026-05-29 05:41:38', '2026-05-29 07:17:38', '14B2-39005', '14B2-39005', 'DAILY', '384105290526', 'e5a6bdcc-a677-41cc-add0-a707fa9758d0', @staff1, @staff1, @moto_id);
INSERT INTO parking_card (card_id) VALUES ('381905160526') ON DUPLICATE KEY UPDATE card_id=card_id;
INSERT INTO payment (payment_id, amount, create_at, payment_type) VALUES ('e0a21641-4ef4-4af5-8678-d99b7382c3b8', 5000, '2026-05-16 07:19:38', 'PARKING');
INSERT INTO parking_record_history (history_id, entry_time, exit_time, identifier, license_plate, type, card_id, payment_id, staff_in, staff_out, vehicle_type) VALUES ('694fbc3b-6934-4166-9293-0f4171613c9f', '2026-05-16 05:19:38', '2026-05-16 07:19:38', '65F1-11774', '65F1-11774', 'DAILY', '381905160526', 'e0a21641-4ef4-4af5-8678-d99b7382c3b8', @staff2, @staff2, @scooter_id);
INSERT INTO parking_card (card_id) VALUES ('380204310526') ON DUPLICATE KEY UPDATE card_id=card_id;
INSERT INTO payment (payment_id, amount, create_at, payment_type) VALUES ('da265bf5-9588-4049-879b-1ccdbac979ba', 2000, '2026-05-31 04:49:38', 'PARKING');
INSERT INTO parking_record_history (history_id, entry_time, exit_time, identifier, license_plate, type, card_id, payment_id, staff_in, staff_out, vehicle_type) VALUES ('dd02c1d4-aef4-43f3-a33e-b26661140ed7', '2026-05-31 04:02:38', '2026-05-31 04:49:38', 'BIKE-205', 'BIKE-205', 'DAILY', '380204310526', 'da265bf5-9588-4049-879b-1ccdbac979ba', @staff2, @staff2, @bike_id);
INSERT INTO parking_card (card_id) VALUES ('380608100526') ON DUPLICATE KEY UPDATE card_id=card_id;
INSERT INTO payment (payment_id, amount, create_at, payment_type) VALUES ('a50167fa-d309-4cd6-a303-e26a00665168', 4000, '2026-05-10 11:51:38', 'PARKING');
INSERT INTO parking_record_history (history_id, entry_time, exit_time, identifier, license_plate, type, card_id, payment_id, staff_in, staff_out, vehicle_type) VALUES ('9f3439be-ce73-48a7-96cb-1051c369efe8', '2026-05-10 08:06:38', '2026-05-10 11:51:38', '62F6-29069', '62F6-29069', 'DAILY', '380608100526', 'a50167fa-d309-4cd6-a303-e26a00665168', @staff2, @staff2, @moto_id);
INSERT INTO parking_card (card_id) VALUES ('385405240526') ON DUPLICATE KEY UPDATE card_id=card_id;
INSERT INTO payment (payment_id, amount, create_at, payment_type) VALUES ('22e192a2-553f-4516-b119-f5d4886e0df6', 2000, '2026-05-24 07:00:38', 'PARKING');
INSERT INTO parking_record_history (history_id, entry_time, exit_time, identifier, license_plate, type, card_id, payment_id, staff_in, staff_out, vehicle_type) VALUES ('d4dfc388-e3ee-4c54-9fb0-f89a497ddc7f', '2026-05-24 05:54:38', '2026-05-24 07:00:38', 'BIKE-213', 'BIKE-213', 'DAILY', '385405240526', '22e192a2-553f-4516-b119-f5d4886e0df6', @staff2, @staff2, @bike_id);
INSERT INTO parking_card (card_id) VALUES ('381407310526') ON DUPLICATE KEY UPDATE card_id=card_id;
INSERT INTO payment (payment_id, amount, create_at, payment_type) VALUES ('4071cd3b-1889-4ab9-b3ee-ad04f01f42a3', 5000, '2026-05-31 10:16:38', 'PARKING');
INSERT INTO parking_record_history (history_id, entry_time, exit_time, identifier, license_plate, type, card_id, payment_id, staff_in, staff_out, vehicle_type) VALUES ('2cef319b-fcdc-4e0b-9695-b6fc60734649', '2026-05-31 07:14:38', '2026-05-31 10:16:38', '90B6-69168', '90B6-69168', 'DAILY', '381407310526', '4071cd3b-1889-4ab9-b3ee-ad04f01f42a3', @staff1, @staff2, @scooter_id);
INSERT INTO parking_card (card_id) VALUES ('382511230526') ON DUPLICATE KEY UPDATE card_id=card_id;
INSERT INTO payment (payment_id, amount, create_at, payment_type) VALUES ('ef9991bf-e855-4903-b2fb-11595f102dd6', 5000, '2026-05-23 16:57:38', 'PARKING');
INSERT INTO parking_record_history (history_id, entry_time, exit_time, identifier, license_plate, type, card_id, payment_id, staff_in, staff_out, vehicle_type) VALUES ('dc048030-12bb-4259-984e-7f72b7a11556', '2026-05-23 11:25:38', '2026-05-23 16:57:38', '38F9-80136', '38F9-80136', 'DAILY', '382511230526', 'ef9991bf-e855-4903-b2fb-11595f102dd6', @staff1, @staff1, @scooter_id);
INSERT INTO parking_card (card_id) VALUES ('383109160526') ON DUPLICATE KEY UPDATE card_id=card_id;
INSERT INTO payment (payment_id, amount, create_at, payment_type) VALUES ('60fef9a3-5a93-4261-ad6b-408e855d5374', 5000, '2026-05-16 11:13:38', 'PARKING');
INSERT INTO parking_record_history (history_id, entry_time, exit_time, identifier, license_plate, type, card_id, payment_id, staff_in, staff_out, vehicle_type) VALUES ('850a059b-5469-4a1d-9c15-68e408c2dbfd', '2026-05-16 09:31:38', '2026-05-16 11:13:38', '67E6-21793', '67E6-21793', 'DAILY', '383109160526', '60fef9a3-5a93-4261-ad6b-408e855d5374', @staff1, @staff1, @scooter_id);
INSERT INTO parking_card (card_id) VALUES ('380612180526') ON DUPLICATE KEY UPDATE card_id=card_id;
INSERT INTO payment (payment_id, amount, create_at, payment_type) VALUES ('87110c1c-5ab3-42bd-9eb6-2ccb5718d0c9', 4000, '2026-05-18 18:25:38', 'PARKING');
INSERT INTO parking_record_history (history_id, entry_time, exit_time, identifier, license_plate, type, card_id, payment_id, staff_in, staff_out, vehicle_type) VALUES ('3dbb4ddc-1f53-4505-9845-df3939603ae8', '2026-05-18 12:06:38', '2026-05-18 18:25:38', '73E2-90844', '73E2-90844', 'DAILY', '380612180526', '87110c1c-5ab3-42bd-9eb6-2ccb5718d0c9', @staff2, @staff1, @moto_id);
INSERT INTO parking_card (card_id) VALUES ('385206300526') ON DUPLICATE KEY UPDATE card_id=card_id;
INSERT INTO payment (payment_id, amount, create_at, payment_type) VALUES ('048ce59d-1577-4ade-81fb-1f9d6f0f21af', 5000, '2026-05-30 09:14:38', 'PARKING');
INSERT INTO parking_record_history (history_id, entry_time, exit_time, identifier, license_plate, type, card_id, payment_id, staff_in, staff_out, vehicle_type) VALUES ('d6883503-f477-4fd4-ada3-cf2af6533c72', '2026-05-30 06:52:38', '2026-05-30 09:14:38', '26A4-46845', '26A4-46845', 'DAILY', '385206300526', '048ce59d-1577-4ade-81fb-1f9d6f0f21af', @staff2, @staff2, @scooter_id);
INSERT INTO parking_card (card_id) VALUES ('385607240526') ON DUPLICATE KEY UPDATE card_id=card_id;
INSERT INTO payment (payment_id, amount, create_at, payment_type) VALUES ('cf80cd50-643c-49ea-b6ba-a46772b5daad', 2000, '2026-05-24 14:04:38', 'PARKING');
INSERT INTO parking_record_history (history_id, entry_time, exit_time, identifier, license_plate, type, card_id, payment_id, staff_in, staff_out, vehicle_type) VALUES ('b3cd9498-a11f-4ef8-ab45-a31d7ab63298', '2026-05-24 07:56:38', '2026-05-24 14:04:38', 'BIKE-700', 'BIKE-700', 'DAILY', '385607240526', 'cf80cd50-643c-49ea-b6ba-a46772b5daad', @staff2, @staff2, @bike_id);
INSERT INTO parking_card (card_id) VALUES ('383511300526') ON DUPLICATE KEY UPDATE card_id=card_id;
INSERT INTO payment (payment_id, amount, create_at, payment_type) VALUES ('a7869648-cafe-4524-a1b6-3960349ffdd0', 5000, '2026-05-30 12:36:38', 'PARKING');
INSERT INTO parking_record_history (history_id, entry_time, exit_time, identifier, license_plate, type, card_id, payment_id, staff_in, staff_out, vehicle_type) VALUES ('48a99796-44a0-4070-9676-61e8a3b127b9', '2026-05-30 11:35:38', '2026-05-30 12:36:38', '96F5-89881', '96F5-89881', 'DAILY', '383511300526', 'a7869648-cafe-4524-a1b6-3960349ffdd0', @staff1, @staff1, @scooter_id);
INSERT INTO parking_card (card_id) VALUES ('383104220526') ON DUPLICATE KEY UPDATE card_id=card_id;
INSERT INTO payment (payment_id, amount, create_at, payment_type) VALUES ('b0297d15-708a-4a8c-89a3-908365086065', 4000, '2026-05-22 05:52:38', 'PARKING');
INSERT INTO parking_record_history (history_id, entry_time, exit_time, identifier, license_plate, type, card_id, payment_id, staff_in, staff_out, vehicle_type) VALUES ('c840133e-0223-477a-b03c-af673b48243a', '2026-05-22 04:31:38', '2026-05-22 05:52:38', '33D4-40911', '33D4-40911', 'DAILY', '383104220526', 'b0297d15-708a-4a8c-89a3-908365086065', @staff2, @staff1, @moto_id);
INSERT INTO parking_card (card_id) VALUES ('383306090526') ON DUPLICATE KEY UPDATE card_id=card_id;
INSERT INTO payment (payment_id, amount, create_at, payment_type) VALUES ('0c93c6e9-22c0-4c96-af92-3020e40ce40a', 5000, '2026-05-09 07:41:38', 'PARKING');
INSERT INTO parking_record_history (history_id, entry_time, exit_time, identifier, license_plate, type, card_id, payment_id, staff_in, staff_out, vehicle_type) VALUES ('22897fd6-2e0d-4a9e-906c-107a4c25f4c9', '2026-05-09 06:33:38', '2026-05-09 07:41:38', '80D4-84858', '80D4-84858', 'DAILY', '383306090526', '0c93c6e9-22c0-4c96-af92-3020e40ce40a', @staff2, @staff2, @scooter_id);
INSERT INTO parking_card (card_id) VALUES ('383611290526') ON DUPLICATE KEY UPDATE card_id=card_id;
INSERT INTO payment (payment_id, amount, create_at, payment_type) VALUES ('733cd3a3-517f-455a-9bb3-1c31de015ca4', 5000, '2026-05-29 13:41:38', 'PARKING');
INSERT INTO parking_record_history (history_id, entry_time, exit_time, identifier, license_plate, type, card_id, payment_id, staff_in, staff_out, vehicle_type) VALUES ('dae10308-062f-4ede-bf63-d552a17d84a8', '2026-05-29 11:36:38', '2026-05-29 13:41:38', '92D4-70473', '92D4-70473', 'DAILY', '383611290526', '733cd3a3-517f-455a-9bb3-1c31de015ca4', @staff2, @staff2, @scooter_id);
INSERT INTO parking_card (card_id) VALUES ('382511180526') ON DUPLICATE KEY UPDATE card_id=card_id;
INSERT INTO payment (payment_id, amount, create_at, payment_type) VALUES ('147e18f1-f538-4059-bcf1-8cde36e190d3', 5000, '2026-05-18 15:24:38', 'PARKING');
INSERT INTO parking_record_history (history_id, entry_time, exit_time, identifier, license_plate, type, card_id, payment_id, staff_in, staff_out, vehicle_type) VALUES ('973c8bde-3cb9-4be3-899c-98eee3aa752b', '2026-05-18 11:25:38', '2026-05-18 15:24:38', '50A4-49623', '50A4-49623', 'DAILY', '382511180526', '147e18f1-f538-4059-bcf1-8cde36e190d3', @staff2, @staff1, @scooter_id);
INSERT INTO parking_card (card_id) VALUES ('381712230526') ON DUPLICATE KEY UPDATE card_id=card_id;
INSERT INTO payment (payment_id, amount, create_at, payment_type) VALUES ('853737e6-aa76-479b-b5d8-c989c310e251', 5000, '2026-05-23 14:25:38', 'PARKING');
INSERT INTO parking_record_history (history_id, entry_time, exit_time, identifier, license_plate, type, card_id, payment_id, staff_in, staff_out, vehicle_type) VALUES ('74888527-adaa-49e5-896b-8f9f6565ac42', '2026-05-23 12:17:38', '2026-05-23 14:25:38', '22C6-82224', '22C6-82224', 'DAILY', '381712230526', '853737e6-aa76-479b-b5d8-c989c310e251', @staff1, @staff2, @scooter_id);
INSERT INTO parking_card (card_id) VALUES ('385208300526') ON DUPLICATE KEY UPDATE card_id=card_id;
INSERT INTO payment (payment_id, amount, create_at, payment_type) VALUES ('1fc32f31-aeb7-4eef-8d6c-4f09a8e29e76', 2000, '2026-05-30 11:16:38', 'PARKING');
INSERT INTO parking_record_history (history_id, entry_time, exit_time, identifier, license_plate, type, card_id, payment_id, staff_in, staff_out, vehicle_type) VALUES ('51706d66-889f-4367-824e-4b87ad2a8241', '2026-05-30 08:52:38', '2026-05-30 11:16:38', 'BIKE-693', 'BIKE-693', 'DAILY', '385208300526', '1fc32f31-aeb7-4eef-8d6c-4f09a8e29e76', @staff2, @staff2, @bike_id);
INSERT INTO parking_card (card_id) VALUES ('385505010626') ON DUPLICATE KEY UPDATE card_id=card_id;
INSERT INTO payment (payment_id, amount, create_at, payment_type) VALUES ('cab41eea-535e-4020-a700-dfce358b1ab6', 4000, '2026-06-01 07:21:38', 'PARKING');
INSERT INTO parking_record_history (history_id, entry_time, exit_time, identifier, license_plate, type, card_id, payment_id, staff_in, staff_out, vehicle_type) VALUES ('c3d7ec5a-08e3-43d3-9269-ff195c1b7044', '2026-06-01 05:55:38', '2026-06-01 07:21:38', '67F2-99619', '67F2-99619', 'DAILY', '385505010626', 'cab41eea-535e-4020-a700-dfce358b1ab6', @staff1, @staff1, @moto_id);
INSERT INTO parking_card (card_id) VALUES ('380711170526') ON DUPLICATE KEY UPDATE card_id=card_id;
INSERT INTO payment (payment_id, amount, create_at, payment_type) VALUES ('99919637-3fe4-426c-9f10-68de9b98a0f6', 4000, '2026-05-17 16:11:38', 'PARKING');
INSERT INTO parking_record_history (history_id, entry_time, exit_time, identifier, license_plate, type, card_id, payment_id, staff_in, staff_out, vehicle_type) VALUES ('bb324cdd-ba55-4b30-91b0-2329094917a7', '2026-05-17 11:07:38', '2026-05-17 16:11:38', '32C4-75336', '32C4-75336', 'DAILY', '380711170526', '99919637-3fe4-426c-9f10-68de9b98a0f6', @staff1, @staff1, @moto_id);
INSERT INTO parking_card (card_id) VALUES ('381505130526') ON DUPLICATE KEY UPDATE card_id=card_id;
INSERT INTO payment (payment_id, amount, create_at, payment_type) VALUES ('9ba38bd4-f5e5-4cdc-b699-1a39b24f06a8', 4000, '2026-05-13 08:38:38', 'PARKING');
INSERT INTO parking_record_history (history_id, entry_time, exit_time, identifier, license_plate, type, card_id, payment_id, staff_in, staff_out, vehicle_type) VALUES ('007f3711-89cb-4f35-bd02-28c63ba12fa2', '2026-05-13 05:15:38', '2026-05-13 08:38:38', '34A4-45896', '34A4-45896', 'DAILY', '381505130526', '9ba38bd4-f5e5-4cdc-b699-1a39b24f06a8', @staff1, @staff1, @moto_id);
INSERT INTO parking_card (card_id) VALUES ('384910210526') ON DUPLICATE KEY UPDATE card_id=card_id;
INSERT INTO payment (payment_id, amount, create_at, payment_type) VALUES ('6073c9c4-6f5b-4850-a389-f26e9312c68e', 4000, '2026-05-21 16:09:38', 'PARKING');
INSERT INTO parking_record_history (history_id, entry_time, exit_time, identifier, license_plate, type, card_id, payment_id, staff_in, staff_out, vehicle_type) VALUES ('28e63948-d12e-4467-afd2-02d95de42157', '2026-05-21 10:49:38', '2026-05-21 16:09:38', '74C8-62963', '74C8-62963', 'DAILY', '384910210526', '6073c9c4-6f5b-4850-a389-f26e9312c68e', @staff2, @staff1, @moto_id);
INSERT INTO parking_card (card_id) VALUES ('383308160526') ON DUPLICATE KEY UPDATE card_id=card_id;
INSERT INTO payment (payment_id, amount, create_at, payment_type) VALUES ('e2bf72dc-b011-4747-b211-06f0aae6c9b2', 4000, '2026-05-16 12:54:38', 'PARKING');
INSERT INTO parking_record_history (history_id, entry_time, exit_time, identifier, license_plate, type, card_id, payment_id, staff_in, staff_out, vehicle_type) VALUES ('c7c97dd4-63bc-4819-8d02-9c7fab373fd1', '2026-05-16 08:33:38', '2026-05-16 12:54:38', '88F2-14682', '88F2-14682', 'DAILY', '383308160526', 'e2bf72dc-b011-4747-b211-06f0aae6c9b2', @staff2, @staff2, @moto_id);
INSERT INTO parking_card (card_id) VALUES ('385908210526') ON DUPLICATE KEY UPDATE card_id=card_id;
INSERT INTO payment (payment_id, amount, create_at, payment_type) VALUES ('6907e9e9-d88d-4ac7-8b5d-f33db6c38a63', 5000, '2026-05-21 10:02:38', 'PARKING');
INSERT INTO parking_record_history (history_id, entry_time, exit_time, identifier, license_plate, type, card_id, payment_id, staff_in, staff_out, vehicle_type) VALUES ('4b7c29a9-68f9-4599-86a5-5d4cac965543', '2026-05-21 08:59:38', '2026-05-21 10:02:38', '56C6-79506', '56C6-79506', 'DAILY', '385908210526', '6907e9e9-d88d-4ac7-8b5d-f33db6c38a63', @staff1, @staff1, @scooter_id);
INSERT INTO parking_card (card_id) VALUES ('381507280526') ON DUPLICATE KEY UPDATE card_id=card_id;
INSERT INTO payment (payment_id, amount, create_at, payment_type) VALUES ('eac0dcc7-3cfa-4cb9-a7d2-d6314074fd2c', 5000, '2026-05-28 12:59:38', 'PARKING');
INSERT INTO parking_record_history (history_id, entry_time, exit_time, identifier, license_plate, type, card_id, payment_id, staff_in, staff_out, vehicle_type) VALUES ('149fef10-aa48-4df7-b947-3cbf54ab8c85', '2026-05-28 07:15:38', '2026-05-28 12:59:38', '38D3-66760', '38D3-66760', 'DAILY', '381507280526', 'eac0dcc7-3cfa-4cb9-a7d2-d6314074fd2c', @staff1, @staff1, @scooter_id);
INSERT INTO parking_card (card_id) VALUES ('385009140526') ON DUPLICATE KEY UPDATE card_id=card_id;
INSERT INTO payment (payment_id, amount, create_at, payment_type) VALUES ('54db2e4b-ff83-401a-9535-f633b94f7ee4', 2000, '2026-05-14 14:37:38', 'PARKING');
INSERT INTO parking_record_history (history_id, entry_time, exit_time, identifier, license_plate, type, card_id, payment_id, staff_in, staff_out, vehicle_type) VALUES ('ede8b1d7-9d9c-4308-a404-b6c07400e231', '2026-05-14 09:50:38', '2026-05-14 14:37:38', 'BIKE-608', 'BIKE-608', 'DAILY', '385009140526', '54db2e4b-ff83-401a-9535-f633b94f7ee4', @staff2, @staff2, @bike_id);
INSERT INTO parking_card (card_id) VALUES ('383708130526') ON DUPLICATE KEY UPDATE card_id=card_id;
INSERT INTO payment (payment_id, amount, create_at, payment_type) VALUES ('fd2d3e36-eef9-4e55-a4da-a6fc9618476d', 2000, '2026-05-13 14:48:38', 'PARKING');
INSERT INTO parking_record_history (history_id, entry_time, exit_time, identifier, license_plate, type, card_id, payment_id, staff_in, staff_out, vehicle_type) VALUES ('fc7b76e3-984d-4226-9c5d-b406acf99440', '2026-05-13 08:37:38', '2026-05-13 14:48:38', 'BIKE-391', 'BIKE-391', 'DAILY', '383708130526', 'fd2d3e36-eef9-4e55-a4da-a6fc9618476d', @staff2, @staff2, @bike_id);
INSERT INTO parking_card (card_id) VALUES ('383310220526') ON DUPLICATE KEY UPDATE card_id=card_id;
INSERT INTO payment (payment_id, amount, create_at, payment_type) VALUES ('b449d0d3-0972-4a2e-9302-ad74ace40b55', 4000, '2026-05-22 10:57:38', 'PARKING');
INSERT INTO parking_record_history (history_id, entry_time, exit_time, identifier, license_plate, type, card_id, payment_id, staff_in, staff_out, vehicle_type) VALUES ('d1f9e9e9-c76d-48f8-ae3a-39bae884ecaf', '2026-05-22 10:33:38', '2026-05-22 10:57:38', '71A6-55735', '71A6-55735', 'DAILY', '383310220526', 'b449d0d3-0972-4a2e-9302-ad74ace40b55', @staff2, @staff1, @moto_id);
INSERT INTO parking_card (card_id) VALUES ('384804200526') ON DUPLICATE KEY UPDATE card_id=card_id;
INSERT INTO payment (payment_id, amount, create_at, payment_type) VALUES ('73899795-abe2-4258-839b-1b2aff78aeee', 5000, '2026-05-20 09:36:38', 'PARKING');
INSERT INTO parking_record_history (history_id, entry_time, exit_time, identifier, license_plate, type, card_id, payment_id, staff_in, staff_out, vehicle_type) VALUES ('358e86d6-f76f-44ea-88a9-311a146ecddf', '2026-05-20 04:48:38', '2026-05-20 09:36:38', '53A7-69972', '53A7-69972', 'DAILY', '384804200526', '73899795-abe2-4258-839b-1b2aff78aeee', @staff1, @staff2, @scooter_id);
INSERT INTO parking_card (card_id) VALUES ('380104080526') ON DUPLICATE KEY UPDATE card_id=card_id;
INSERT INTO payment (payment_id, amount, create_at, payment_type) VALUES ('14d009d8-d067-4ed5-9a2a-f585699d503f', 5000, '2026-05-08 07:09:38', 'PARKING');
INSERT INTO parking_record_history (history_id, entry_time, exit_time, identifier, license_plate, type, card_id, payment_id, staff_in, staff_out, vehicle_type) VALUES ('e31c6adc-7a22-4553-a959-693fdc6de60a', '2026-05-08 04:01:38', '2026-05-08 07:09:38', '72B7-14182', '72B7-14182', 'DAILY', '380104080526', '14d009d8-d067-4ed5-9a2a-f585699d503f', @staff2, @staff1, @scooter_id);
INSERT INTO parking_card (card_id) VALUES ('385208290526') ON DUPLICATE KEY UPDATE card_id=card_id;
INSERT INTO payment (payment_id, amount, create_at, payment_type) VALUES ('36fd8980-6108-4ced-8efc-9530e073c8b7', 4000, '2026-05-29 12:28:38', 'PARKING');
INSERT INTO parking_record_history (history_id, entry_time, exit_time, identifier, license_plate, type, card_id, payment_id, staff_in, staff_out, vehicle_type) VALUES ('6631c6bb-49d6-4532-a5bf-1a51b5e1c074', '2026-05-29 08:52:38', '2026-05-29 12:28:38', '42C5-33413', '42C5-33413', 'DAILY', '385208290526', '36fd8980-6108-4ced-8efc-9530e073c8b7', @staff1, @staff2, @moto_id);
INSERT INTO parking_card (card_id) VALUES ('382703300526') ON DUPLICATE KEY UPDATE card_id=card_id;
INSERT INTO payment (payment_id, amount, create_at, payment_type) VALUES ('81642bcd-1aec-4e5e-adf2-167ca4f77b96', 4000, '2026-05-30 09:21:38', 'PARKING');
INSERT INTO parking_record_history (history_id, entry_time, exit_time, identifier, license_plate, type, card_id, payment_id, staff_in, staff_out, vehicle_type) VALUES ('cecb29cf-cd10-4d65-ae81-aa04e67d420b', '2026-05-30 03:27:38', '2026-05-30 09:21:38', '69F2-77307', '69F2-77307', 'DAILY', '382703300526', '81642bcd-1aec-4e5e-adf2-167ca4f77b96', @staff2, @staff1, @moto_id);
INSERT INTO parking_card (card_id) VALUES ('381512060626') ON DUPLICATE KEY UPDATE card_id=card_id;
INSERT INTO payment (payment_id, amount, create_at, payment_type) VALUES ('c26b5440-b62c-4dca-ba3f-280cfeee75dc', 4000, '2026-06-06 17:53:38', 'PARKING');
INSERT INTO parking_record_history (history_id, entry_time, exit_time, identifier, license_plate, type, card_id, payment_id, staff_in, staff_out, vehicle_type) VALUES ('adc70e94-ee6e-44a6-9591-d37407ccf897', '2026-06-06 12:15:38', '2026-06-06 17:53:38', '85A8-46977', '85A8-46977', 'DAILY', '381512060626', 'c26b5440-b62c-4dca-ba3f-280cfeee75dc', @staff1, @staff2, @moto_id);
INSERT INTO parking_card (card_id) VALUES ('381610050626') ON DUPLICATE KEY UPDATE card_id=card_id;
INSERT INTO payment (payment_id, amount, create_at, payment_type) VALUES ('49e47d9f-fa64-4100-9c88-3d611f97f931', 2000, '2026-06-05 16:48:38', 'PARKING');
INSERT INTO parking_record_history (history_id, entry_time, exit_time, identifier, license_plate, type, card_id, payment_id, staff_in, staff_out, vehicle_type) VALUES ('4797861e-eff2-47ca-87f9-de7dbd2e95b7', '2026-06-05 10:16:38', '2026-06-05 16:48:38', 'BIKE-836', 'BIKE-836', 'DAILY', '381610050626', '49e47d9f-fa64-4100-9c88-3d611f97f931', @staff1, @staff2, @bike_id);
INSERT INTO parking_card (card_id) VALUES ('385006280526') ON DUPLICATE KEY UPDATE card_id=card_id;
INSERT INTO payment (payment_id, amount, create_at, payment_type) VALUES ('dc77e530-2a43-4cc6-8b61-fa04040ae2de', 4000, '2026-05-28 11:14:38', 'PARKING');
INSERT INTO parking_record_history (history_id, entry_time, exit_time, identifier, license_plate, type, card_id, payment_id, staff_in, staff_out, vehicle_type) VALUES ('9a074f5d-d405-4c85-9358-5d0bef2751af', '2026-05-28 06:50:38', '2026-05-28 11:14:38', '52C8-68074', '52C8-68074', 'DAILY', '385006280526', 'dc77e530-2a43-4cc6-8b61-fa04040ae2de', @staff2, @staff2, @moto_id);
INSERT INTO parking_card (card_id) VALUES ('381309130526') ON DUPLICATE KEY UPDATE card_id=card_id;
INSERT INTO payment (payment_id, amount, create_at, payment_type) VALUES ('e996bacc-db3a-4ba0-89be-4d522a2887cb', 2000, '2026-05-13 11:13:38', 'PARKING');
INSERT INTO parking_record_history (history_id, entry_time, exit_time, identifier, license_plate, type, card_id, payment_id, staff_in, staff_out, vehicle_type) VALUES ('f07e5eca-869e-4269-9d83-258ede3b99a6', '2026-05-13 09:13:38', '2026-05-13 11:13:38', 'BIKE-658', 'BIKE-658', 'DAILY', '381309130526', 'e996bacc-db3a-4ba0-89be-4d522a2887cb', @staff2, @staff2, @bike_id);
INSERT INTO parking_card (card_id) VALUES ('385403030626') ON DUPLICATE KEY UPDATE card_id=card_id;
INSERT INTO payment (payment_id, amount, create_at, payment_type) VALUES ('21e88710-8ac3-40a3-ac2a-3a98a7f23df6', 5000, '2026-06-03 05:47:38', 'PARKING');
INSERT INTO parking_record_history (history_id, entry_time, exit_time, identifier, license_plate, type, card_id, payment_id, staff_in, staff_out, vehicle_type) VALUES ('8f1a9173-88aa-418e-a7a7-b66a52f75b16', '2026-06-03 03:54:38', '2026-06-03 05:47:38', '77D6-46502', '77D6-46502', 'DAILY', '385403030626', '21e88710-8ac3-40a3-ac2a-3a98a7f23df6', @staff1, @staff1, @scooter_id);
INSERT INTO parking_card (card_id) VALUES ('380708230526') ON DUPLICATE KEY UPDATE card_id=card_id;
INSERT INTO payment (payment_id, amount, create_at, payment_type) VALUES ('477d0b51-31f2-4c2d-a16c-7e9e50cadc4f', 5000, '2026-05-23 10:02:38', 'PARKING');
INSERT INTO parking_record_history (history_id, entry_time, exit_time, identifier, license_plate, type, card_id, payment_id, staff_in, staff_out, vehicle_type) VALUES ('c3dc5144-9682-42d7-ae43-830d79d1f540', '2026-05-23 08:07:38', '2026-05-23 10:02:38', '14E8-23130', '14E8-23130', 'DAILY', '380708230526', '477d0b51-31f2-4c2d-a16c-7e9e50cadc4f', @staff2, @staff2, @scooter_id);
INSERT INTO parking_card (card_id) VALUES ('384110220526') ON DUPLICATE KEY UPDATE card_id=card_id;
INSERT INTO payment (payment_id, amount, create_at, payment_type) VALUES ('b79ec40e-5820-4765-835c-3c5ccbfdb85c', 2000, '2026-05-22 12:59:38', 'PARKING');
INSERT INTO parking_record_history (history_id, entry_time, exit_time, identifier, license_plate, type, card_id, payment_id, staff_in, staff_out, vehicle_type) VALUES ('90f84d8e-4b0c-49e5-bf63-53c7d88fa780', '2026-05-22 10:41:38', '2026-05-22 12:59:38', 'BIKE-648', 'BIKE-648', 'DAILY', '384110220526', 'b79ec40e-5820-4765-835c-3c5ccbfdb85c', @staff1, @staff2, @bike_id);
INSERT INTO parking_card (card_id) VALUES ('382706100526') ON DUPLICATE KEY UPDATE card_id=card_id;
INSERT INTO payment (payment_id, amount, create_at, payment_type) VALUES ('d435af35-ac40-4aa6-bfde-75d93370aec9', 2000, '2026-05-10 11:33:38', 'PARKING');
INSERT INTO parking_record_history (history_id, entry_time, exit_time, identifier, license_plate, type, card_id, payment_id, staff_in, staff_out, vehicle_type) VALUES ('37ca3538-8421-4512-88cd-ae712fd53367', '2026-05-10 06:27:38', '2026-05-10 11:33:38', 'BIKE-886', 'BIKE-886', 'DAILY', '382706100526', 'd435af35-ac40-4aa6-bfde-75d93370aec9', @staff1, @staff1, @bike_id);
INSERT INTO parking_card (card_id) VALUES ('381505160526') ON DUPLICATE KEY UPDATE card_id=card_id;
INSERT INTO payment (payment_id, amount, create_at, payment_type) VALUES ('13e7f7ba-db16-4890-874a-26b702d2190f', 4000, '2026-05-16 08:29:38', 'PARKING');
INSERT INTO parking_record_history (history_id, entry_time, exit_time, identifier, license_plate, type, card_id, payment_id, staff_in, staff_out, vehicle_type) VALUES ('2c20f11d-713b-45db-a123-78f3617b6450', '2026-05-16 05:15:38', '2026-05-16 08:29:38', '61D3-87177', '61D3-87177', 'DAILY', '381505160526', '13e7f7ba-db16-4890-874a-26b702d2190f', @staff2, @staff1, @moto_id);
INSERT INTO parking_card (card_id) VALUES ('382410030626') ON DUPLICATE KEY UPDATE card_id=card_id;
INSERT INTO payment (payment_id, amount, create_at, payment_type) VALUES ('d108d622-e4e7-4d28-aeb6-e165d05c21e5', 5000, '2026-06-03 11:47:38', 'PARKING');
INSERT INTO parking_record_history (history_id, entry_time, exit_time, identifier, license_plate, type, card_id, payment_id, staff_in, staff_out, vehicle_type) VALUES ('418acaa9-7e69-4e4f-bb17-237c070eb72f', '2026-06-03 10:24:38', '2026-06-03 11:47:38', '76E7-94806', '76E7-94806', 'DAILY', '382410030626', 'd108d622-e4e7-4d28-aeb6-e165d05c21e5', @staff1, @staff2, @scooter_id);
INSERT INTO parking_card (card_id) VALUES ('380111250526') ON DUPLICATE KEY UPDATE card_id=card_id;
INSERT INTO payment (payment_id, amount, create_at, payment_type) VALUES ('2dcdb502-fd15-4eca-a24d-0a71075444be', 4000, '2026-05-25 11:59:38', 'PARKING');
INSERT INTO parking_record_history (history_id, entry_time, exit_time, identifier, license_plate, type, card_id, payment_id, staff_in, staff_out, vehicle_type) VALUES ('a05be7f8-2009-4412-b769-74130d41762f', '2026-05-25 11:01:38', '2026-05-25 11:59:38', '50B6-73586', '50B6-73586', 'DAILY', '380111250526', '2dcdb502-fd15-4eca-a24d-0a71075444be', @staff2, @staff1, @moto_id);
INSERT INTO parking_card (card_id) VALUES ('382810300526') ON DUPLICATE KEY UPDATE card_id=card_id;
INSERT INTO payment (payment_id, amount, create_at, payment_type) VALUES ('cebc71e8-8250-44db-a084-b938110e8f7d', 2000, '2026-05-30 11:34:38', 'PARKING');
INSERT INTO parking_record_history (history_id, entry_time, exit_time, identifier, license_plate, type, card_id, payment_id, staff_in, staff_out, vehicle_type) VALUES ('002bbc49-08b3-4059-8719-7c13fafec013', '2026-05-30 10:28:38', '2026-05-30 11:34:38', 'BIKE-786', 'BIKE-786', 'DAILY', '382810300526', 'cebc71e8-8250-44db-a084-b938110e8f7d', @staff2, @staff1, @bike_id);
INSERT INTO parking_card (card_id) VALUES ('385210120526') ON DUPLICATE KEY UPDATE card_id=card_id;
INSERT INTO payment (payment_id, amount, create_at, payment_type) VALUES ('7dca2393-bb35-460e-85e3-5e6cebaa2eb7', 2000, '2026-05-12 11:16:38', 'PARKING');
INSERT INTO parking_record_history (history_id, entry_time, exit_time, identifier, license_plate, type, card_id, payment_id, staff_in, staff_out, vehicle_type) VALUES ('ecf4700a-f29f-485d-a64e-b0cec151d578', '2026-05-12 10:52:38', '2026-05-12 11:16:38', 'BIKE-812', 'BIKE-812', 'DAILY', '385210120526', '7dca2393-bb35-460e-85e3-5e6cebaa2eb7', @staff2, @staff1, @bike_id);
INSERT INTO parking_card (card_id) VALUES ('385211150526') ON DUPLICATE KEY UPDATE card_id=card_id;
INSERT INTO payment (payment_id, amount, create_at, payment_type) VALUES ('7f182480-d7c0-4379-b04c-57ba9ec65db2', 5000, '2026-05-15 16:04:38', 'PARKING');
INSERT INTO parking_record_history (history_id, entry_time, exit_time, identifier, license_plate, type, card_id, payment_id, staff_in, staff_out, vehicle_type) VALUES ('4faf0ca8-a119-466d-a338-0d3daf10064e', '2026-05-15 11:52:38', '2026-05-15 16:04:38', '26F3-52730', '26F3-52730', 'DAILY', '385211150526', '7f182480-d7c0-4379-b04c-57ba9ec65db2', @staff2, @staff1, @scooter_id);
INSERT INTO parking_card (card_id) VALUES ('385305060626') ON DUPLICATE KEY UPDATE card_id=card_id;
INSERT INTO payment (payment_id, amount, create_at, payment_type) VALUES ('9f04279a-010f-49ed-a627-57ec9879c668', 2000, '2026-06-06 09:48:38', 'PARKING');
INSERT INTO parking_record_history (history_id, entry_time, exit_time, identifier, license_plate, type, card_id, payment_id, staff_in, staff_out, vehicle_type) VALUES ('01c6da2e-2d07-401f-a8a9-16a906e2b44b', '2026-06-06 05:53:38', '2026-06-06 09:48:38', 'BIKE-300', 'BIKE-300', 'DAILY', '385305060626', '9f04279a-010f-49ed-a627-57ec9879c668', @staff1, @staff1, @bike_id);
INSERT INTO parking_card (card_id) VALUES ('382711070526') ON DUPLICATE KEY UPDATE card_id=card_id;
INSERT INTO payment (payment_id, amount, create_at, payment_type) VALUES ('9ce2d855-8778-4a48-8231-e0982b93f5b0', 2000, '2026-05-07 11:52:38', 'PARKING');
INSERT INTO parking_record_history (history_id, entry_time, exit_time, identifier, license_plate, type, card_id, payment_id, staff_in, staff_out, vehicle_type) VALUES ('5a9401ca-c4c7-456c-a2ff-146638c98fbb', '2026-05-07 11:27:38', '2026-05-07 11:52:38', 'BIKE-322', 'BIKE-322', 'DAILY', '382711070526', '9ce2d855-8778-4a48-8231-e0982b93f5b0', @staff2, @staff1, @bike_id);
INSERT INTO parking_card (card_id) VALUES ('383508280526') ON DUPLICATE KEY UPDATE card_id=card_id;
INSERT INTO payment (payment_id, amount, create_at, payment_type) VALUES ('536100b7-0510-4122-82a6-91b75c4d8e27', 4000, '2026-05-28 13:01:38', 'PARKING');
INSERT INTO parking_record_history (history_id, entry_time, exit_time, identifier, license_plate, type, card_id, payment_id, staff_in, staff_out, vehicle_type) VALUES ('4e05b3fe-d192-4858-8853-7c6a9837e66c', '2026-05-28 08:35:38', '2026-05-28 13:01:38', '18D8-98448', '18D8-98448', 'DAILY', '383508280526', '536100b7-0510-4122-82a6-91b75c4d8e27', @staff2, @staff1, @moto_id);
INSERT INTO parking_card (card_id) VALUES ('383010170526') ON DUPLICATE KEY UPDATE card_id=card_id;
INSERT INTO payment (payment_id, amount, create_at, payment_type) VALUES ('c1e230ca-5520-4cf0-90b8-7417febe50d8', 2000, '2026-05-17 16:45:38', 'PARKING');
INSERT INTO parking_record_history (history_id, entry_time, exit_time, identifier, license_plate, type, card_id, payment_id, staff_in, staff_out, vehicle_type) VALUES ('3953e218-b29e-4def-9939-a6a853f3223e', '2026-05-17 10:30:38', '2026-05-17 16:45:38', 'BIKE-148', 'BIKE-148', 'DAILY', '383010170526', 'c1e230ca-5520-4cf0-90b8-7417febe50d8', @staff1, @staff2, @bike_id);
INSERT INTO parking_card (card_id) VALUES ('382207020626') ON DUPLICATE KEY UPDATE card_id=card_id;
INSERT INTO payment (payment_id, amount, create_at, payment_type) VALUES ('4f6ea57a-10e1-45c6-8100-f62733d0be31', 2000, '2026-06-02 11:20:38', 'PARKING');
INSERT INTO parking_record_history (history_id, entry_time, exit_time, identifier, license_plate, type, card_id, payment_id, staff_in, staff_out, vehicle_type) VALUES ('2fb111e0-1ef7-4d1f-b187-d7ef7f166621', '2026-06-02 07:22:38', '2026-06-02 11:20:38', 'BIKE-530', 'BIKE-530', 'DAILY', '382207020626', '4f6ea57a-10e1-45c6-8100-f62733d0be31', @staff1, @staff2, @bike_id);
INSERT INTO parking_card (card_id) VALUES ('380411270526') ON DUPLICATE KEY UPDATE card_id=card_id;
INSERT INTO payment (payment_id, amount, create_at, payment_type) VALUES ('303970b7-9c24-407c-b22d-48ccc4e76256', 2000, '2026-05-27 14:41:38', 'PARKING');
INSERT INTO parking_record_history (history_id, entry_time, exit_time, identifier, license_plate, type, card_id, payment_id, staff_in, staff_out, vehicle_type) VALUES ('93155168-2a12-4d33-b45c-5d1163d6fc0a', '2026-05-27 11:04:38', '2026-05-27 14:41:38', 'BIKE-817', 'BIKE-817', 'DAILY', '380411270526', '303970b7-9c24-407c-b22d-48ccc4e76256', @staff2, @staff2, @bike_id);
INSERT INTO parking_card (card_id) VALUES ('385110150526') ON DUPLICATE KEY UPDATE card_id=card_id;
INSERT INTO payment (payment_id, amount, create_at, payment_type) VALUES ('f4351824-6502-444f-9dcf-d30a1b8e85d2', 2000, '2026-05-15 15:53:38', 'PARKING');
INSERT INTO parking_record_history (history_id, entry_time, exit_time, identifier, license_plate, type, card_id, payment_id, staff_in, staff_out, vehicle_type) VALUES ('32f1566b-6b85-46e6-bf23-a1ebe41126a0', '2026-05-15 10:51:38', '2026-05-15 15:53:38', 'BIKE-812', 'BIKE-812', 'DAILY', '385110150526', 'f4351824-6502-444f-9dcf-d30a1b8e85d2', @staff2, @staff2, @bike_id);
INSERT INTO parking_card (card_id) VALUES ('384607020626') ON DUPLICATE KEY UPDATE card_id=card_id;
INSERT INTO payment (payment_id, amount, create_at, payment_type) VALUES ('b2a7fc00-f469-478c-afef-5d443b1e25a8', 2000, '2026-06-02 08:33:38', 'PARKING');
INSERT INTO parking_record_history (history_id, entry_time, exit_time, identifier, license_plate, type, card_id, payment_id, staff_in, staff_out, vehicle_type) VALUES ('726eee5c-62f8-4389-8a5d-6fead632cafe', '2026-06-02 07:46:38', '2026-06-02 08:33:38', 'BIKE-500', 'BIKE-500', 'DAILY', '384607020626', 'b2a7fc00-f469-478c-afef-5d443b1e25a8', @staff1, @staff1, @bike_id);
INSERT INTO parking_card (card_id) VALUES ('383804030626') ON DUPLICATE KEY UPDATE card_id=card_id;
INSERT INTO payment (payment_id, amount, create_at, payment_type) VALUES ('85a09003-763e-4f82-8026-56243ac5ba6e', 4000, '2026-06-03 10:26:38', 'PARKING');
INSERT INTO parking_record_history (history_id, entry_time, exit_time, identifier, license_plate, type, card_id, payment_id, staff_in, staff_out, vehicle_type) VALUES ('539e74df-18cf-4623-a949-c27b15a5f5d9', '2026-06-03 04:38:38', '2026-06-03 10:26:38', '69F4-96772', '69F4-96772', 'DAILY', '383804030626', '85a09003-763e-4f82-8026-56243ac5ba6e', @staff2, @staff1, @moto_id);
INSERT INTO parking_card (card_id) VALUES ('381404080526') ON DUPLICATE KEY UPDATE card_id=card_id;
INSERT INTO payment (payment_id, amount, create_at, payment_type) VALUES ('40e5bd71-8e6d-4582-a7a4-9949e4f0b3ce', 4000, '2026-05-08 06:10:38', 'PARKING');
INSERT INTO parking_record_history (history_id, entry_time, exit_time, identifier, license_plate, type, card_id, payment_id, staff_in, staff_out, vehicle_type) VALUES ('fab5fc22-5189-4b6a-8879-dcfc331e43e8', '2026-05-08 04:14:38', '2026-05-08 06:10:38', '53F7-42596', '53F7-42596', 'DAILY', '381404080526', '40e5bd71-8e6d-4582-a7a4-9949e4f0b3ce', @staff2, @staff1, @moto_id);
INSERT INTO parking_card (card_id) VALUES ('385910190526') ON DUPLICATE KEY UPDATE card_id=card_id;
INSERT INTO payment (payment_id, amount, create_at, payment_type) VALUES ('ec343224-22aa-4c1f-9e0f-45443752d612', 2000, '2026-05-19 11:52:38', 'PARKING');
INSERT INTO parking_record_history (history_id, entry_time, exit_time, identifier, license_plate, type, card_id, payment_id, staff_in, staff_out, vehicle_type) VALUES ('590533f1-96e8-43c4-889c-24ea96a94fcd', '2026-05-19 10:59:38', '2026-05-19 11:52:38', 'BIKE-529', 'BIKE-529', 'DAILY', '385910190526', 'ec343224-22aa-4c1f-9e0f-45443752d612', @staff2, @staff1, @bike_id);
INSERT INTO parking_card (card_id) VALUES ('382108270526') ON DUPLICATE KEY UPDATE card_id=card_id;
INSERT INTO payment (payment_id, amount, create_at, payment_type) VALUES ('b09e897f-918f-4f04-ab6b-4a52b4809226', 2000, '2026-05-27 14:59:38', 'PARKING');
INSERT INTO parking_record_history (history_id, entry_time, exit_time, identifier, license_plate, type, card_id, payment_id, staff_in, staff_out, vehicle_type) VALUES ('7e3484d3-62d7-48f6-b751-72a567ff88c1', '2026-05-27 08:21:38', '2026-05-27 14:59:38', 'BIKE-651', 'BIKE-651', 'DAILY', '382108270526', 'b09e897f-918f-4f04-ab6b-4a52b4809226', @staff2, @staff1, @bike_id);
INSERT INTO parking_card (card_id) VALUES ('384805130526') ON DUPLICATE KEY UPDATE card_id=card_id;
INSERT INTO payment (payment_id, amount, create_at, payment_type) VALUES ('fb96a1b1-dc4c-4b00-9a66-44d9c7a151f0', 5000, '2026-05-13 11:25:38', 'PARKING');
INSERT INTO parking_record_history (history_id, entry_time, exit_time, identifier, license_plate, type, card_id, payment_id, staff_in, staff_out, vehicle_type) VALUES ('cc0f7d79-94c9-4ac1-b748-c7a8dd6de908', '2026-05-13 05:48:38', '2026-05-13 11:25:38', '47C6-32263', '47C6-32263', 'DAILY', '384805130526', 'fb96a1b1-dc4c-4b00-9a66-44d9c7a151f0', @staff1, @staff2, @scooter_id);
INSERT INTO parking_card (card_id) VALUES ('383105190526') ON DUPLICATE KEY UPDATE card_id=card_id;
INSERT INTO payment (payment_id, amount, create_at, payment_type) VALUES ('58e26087-cc61-48b1-b600-4de33f106b64', 5000, '2026-05-19 09:36:38', 'PARKING');
INSERT INTO parking_record_history (history_id, entry_time, exit_time, identifier, license_plate, type, card_id, payment_id, staff_in, staff_out, vehicle_type) VALUES ('6efb1d73-3ace-4076-ba75-70d0c435c8fb', '2026-05-19 05:31:38', '2026-05-19 09:36:38', '11C7-69677', '11C7-69677', 'DAILY', '383105190526', '58e26087-cc61-48b1-b600-4de33f106b64', @staff1, @staff2, @scooter_id);
INSERT INTO parking_card (card_id) VALUES ('384010210526') ON DUPLICATE KEY UPDATE card_id=card_id;
INSERT INTO payment (payment_id, amount, create_at, payment_type) VALUES ('3d0c8ab7-f1f6-4e5c-9091-6124200e5477', 5000, '2026-05-21 12:35:38', 'PARKING');
INSERT INTO parking_record_history (history_id, entry_time, exit_time, identifier, license_plate, type, card_id, payment_id, staff_in, staff_out, vehicle_type) VALUES ('3cca526d-106e-40a1-bf36-9a9c34c2618e', '2026-05-21 10:40:38', '2026-05-21 12:35:38', '39B5-50297', '39B5-50297', 'DAILY', '384010210526', '3d0c8ab7-f1f6-4e5c-9091-6124200e5477', @staff1, @staff2, @scooter_id);
INSERT INTO parking_card (card_id) VALUES ('381504160526') ON DUPLICATE KEY UPDATE card_id=card_id;
INSERT INTO payment (payment_id, amount, create_at, payment_type) VALUES ('5eb96789-4cb6-490b-93ed-d1992591623b', 4000, '2026-05-16 10:33:38', 'PARKING');
INSERT INTO parking_record_history (history_id, entry_time, exit_time, identifier, license_plate, type, card_id, payment_id, staff_in, staff_out, vehicle_type) VALUES ('65ea3419-fff4-472e-a8ff-fc6dee239c1b', '2026-05-16 04:15:38', '2026-05-16 10:33:38', '62E1-11517', '62E1-11517', 'DAILY', '381504160526', '5eb96789-4cb6-490b-93ed-d1992591623b', @staff2, @staff1, @moto_id);
INSERT INTO parking_card (card_id) VALUES ('380409150526') ON DUPLICATE KEY UPDATE card_id=card_id;
INSERT INTO payment (payment_id, amount, create_at, payment_type) VALUES ('45005d64-97aa-45e4-9340-58b7c922d5e0', 4000, '2026-05-15 14:05:38', 'PARKING');
INSERT INTO parking_record_history (history_id, entry_time, exit_time, identifier, license_plate, type, card_id, payment_id, staff_in, staff_out, vehicle_type) VALUES ('8ffad22d-b31a-491d-83e0-693fd590df9e', '2026-05-15 09:04:38', '2026-05-15 14:05:38', '23A3-31549', '23A3-31549', 'DAILY', '380409150526', '45005d64-97aa-45e4-9340-58b7c922d5e0', @staff2, @staff1, @moto_id);
INSERT INTO parking_card (card_id) VALUES ('383703270526') ON DUPLICATE KEY UPDATE card_id=card_id;
INSERT INTO payment (payment_id, amount, create_at, payment_type) VALUES ('d3e1a1b5-1f4b-4a49-a775-65ee75cec2c3', 5000, '2026-05-27 08:15:38', 'PARKING');
INSERT INTO parking_record_history (history_id, entry_time, exit_time, identifier, license_plate, type, card_id, payment_id, staff_in, staff_out, vehicle_type) VALUES ('84cc1f86-702d-4f05-ad76-a223e2be9774', '2026-05-27 03:37:38', '2026-05-27 08:15:38', '31B2-20898', '31B2-20898', 'DAILY', '383703270526', 'd3e1a1b5-1f4b-4a49-a775-65ee75cec2c3', @staff2, @staff1, @scooter_id);
