SELECT account_id INTO @admin_id FROM account WHERE role = 'ADMIN' LIMIT 1;
SELECT id INTO @bike_id FROM vehicle_type WHERE name = 'Bicycle';
SELECT id INTO @moto_id FROM vehicle_type WHERE name = 'Motorbike';
SELECT id INTO @scooter_id FROM vehicle_type WHERE name = 'Scooter';

INSERT IGNORE INTO account (account_id, password, role, username) VALUES ('7f76b992-7d13-4d7c-a16d-769bcb1ba61e', '$2a$10$riOsq0JyAqDzFCXShMPvxeqILBKQnYdZik/ZYpeeEEodkyCMkf6Pq', 'STAFF', 'staff_dummy_1');
INSERT IGNORE INTO staff (account_id, address, dob, email, gender, identification, is_active, name, phone_number) VALUES ('7f76b992-7d13-4d7c-a16d-769bcb1ba61e', 'Hanoi', '1990-01-01', 'staff_dummy_1@test.com', 'MALE', '001090000001', 1, 'Staff Name 1', '0900000001');
INSERT IGNORE INTO account (account_id, password, role, username) VALUES ('c0edf255-ba12-42c3-ade3-0714f5e7f378', '$2a$10$riOsq0JyAqDzFCXShMPvxeqILBKQnYdZik/ZYpeeEEodkyCMkf6Pq', 'STAFF', 'staff_dummy_2');
INSERT IGNORE INTO staff (account_id, address, dob, email, gender, identification, is_active, name, phone_number) VALUES ('c0edf255-ba12-42c3-ade3-0714f5e7f378', 'Hanoi', '1990-01-01', 'staff_dummy_2@test.com', 'MALE', '001090000002', 1, 'Staff Name 2', '0900000002');
INSERT IGNORE INTO account (account_id, password, role, username) VALUES ('2cd24879-1edb-49da-ac3f-03f01f1ed818', '$2a$10$riOsq0JyAqDzFCXShMPvxeqILBKQnYdZik/ZYpeeEEodkyCMkf6Pq', 'STAFF', 'staff_dummy_3');
INSERT IGNORE INTO staff (account_id, address, dob, email, gender, identification, is_active, name, phone_number) VALUES ('2cd24879-1edb-49da-ac3f-03f01f1ed818', 'Hanoi', '1990-01-01', 'staff_dummy_3@test.com', 'MALE', '001090000003', 1, 'Staff Name 3', '0900000003');
SELECT account_id INTO @staff_id FROM account WHERE role = 'STAFF' LIMIT 1;
INSERT INTO customer (customer_id, address, customer_type, dob, email, gender, name, phone_number) VALUES ('de9884e0-fe68-40f0-87b5-de8aed8e7ed5', 'Hanoi', 'LECTURER', '2000-01-01', 'cus1@test.com', 'FEMALE', 'Customer 1', '0800000001');
INSERT INTO lecturer_information (customer_id, lecturer_id) VALUES ('de9884e0-fe68-40f0-87b5-de8aed8e7ed5', 'GV001');
INSERT INTO vehicle (vehicle_id, brand, color, license_plate, type_id) VALUES ('6c5f0621-1ff3-42a2-9e85-caee55ef9c24', 'Honda', 'Red', '29X1-73284', @moto_id);
INSERT INTO payment (payment_id, amount, create_at, payment_type) VALUES ('7b7131e2-07df-4ee8-92f1-7460e082c401', 150000, DATE_SUB(NOW(), INTERVAL 9 DAY), 'MONTHLY');
INSERT INTO active_monthly_registration (id, expiration_date, issue_date, create_by, customer_id, payment_id, vehicle_id) VALUES ('23a3149f-0509-4ba1-8c3c-6ebde9718f30', DATE_ADD(NOW(), INTERVAL 30 DAY), DATE_SUB(NOW(), INTERVAL 5 DAY), @staff_id, 'de9884e0-fe68-40f0-87b5-de8aed8e7ed5', '7b7131e2-07df-4ee8-92f1-7460e082c401', '6c5f0621-1ff3-42a2-9e85-caee55ef9c24');
INSERT INTO customer (customer_id, address, customer_type, dob, email, gender, name, phone_number) VALUES ('76395b1f-2586-4e5d-a162-42a45127581e', 'Hanoi', 'STUDENT', '2000-01-01', 'cus2@test.com', 'FEMALE', 'Customer 2', '0800000002');
INSERT INTO student_information (customer_id, class_info, faculty, major, student_id) VALUES ('76395b1f-2586-4e5d-a162-42a45127581e', 'Class 2', 'IT', 'SE', 'B20DCCN002');
INSERT INTO vehicle (vehicle_id, brand, color, license_plate, type_id) VALUES ('286fea0d-bfaf-4ca4-8567-ff39c89ace85', 'Honda', 'Red', '29X1-87189', @moto_id);
INSERT INTO payment (payment_id, amount, create_at, payment_type) VALUES ('9160ae88-c0e9-4ff3-833d-7bd7f44a8cee', 150000, DATE_SUB(NOW(), INTERVAL 3 DAY), 'MONTHLY');
INSERT INTO active_monthly_registration (id, expiration_date, issue_date, create_by, customer_id, payment_id, vehicle_id) VALUES ('9d10a224-a894-4c16-8b42-e452e60eb7fb', DATE_ADD(NOW(), INTERVAL 30 DAY), DATE_SUB(NOW(), INTERVAL 5 DAY), @staff_id, '76395b1f-2586-4e5d-a162-42a45127581e', '9160ae88-c0e9-4ff3-833d-7bd7f44a8cee', '286fea0d-bfaf-4ca4-8567-ff39c89ace85');
INSERT INTO customer (customer_id, address, customer_type, dob, email, gender, name, phone_number) VALUES ('1129beca-3c59-4bb6-84c6-d93f472e624f', 'Hanoi', 'LECTURER', '2000-01-01', 'cus3@test.com', 'FEMALE', 'Customer 3', '0800000003');
INSERT INTO lecturer_information (customer_id, lecturer_id) VALUES ('1129beca-3c59-4bb6-84c6-d93f472e624f', 'GV003');
INSERT INTO vehicle (vehicle_id, brand, color, license_plate, type_id) VALUES ('80edc3e5-e477-40cd-94eb-53175c433c1c', 'Honda', 'Red', '29X1-33774', @moto_id);
INSERT INTO payment (payment_id, amount, create_at, payment_type) VALUES ('6dfe2bca-a97e-47af-8da1-54965c7df57e', 150000, DATE_SUB(NOW(), INTERVAL 12 DAY), 'MONTHLY');
INSERT INTO active_monthly_registration (id, expiration_date, issue_date, create_by, customer_id, payment_id, vehicle_id) VALUES ('ac018e18-4c58-42c8-aff4-cbb8977fd614', DATE_ADD(NOW(), INTERVAL 30 DAY), DATE_SUB(NOW(), INTERVAL 5 DAY), @staff_id, '1129beca-3c59-4bb6-84c6-d93f472e624f', '6dfe2bca-a97e-47af-8da1-54965c7df57e', '80edc3e5-e477-40cd-94eb-53175c433c1c');
INSERT INTO customer (customer_id, address, customer_type, dob, email, gender, name, phone_number) VALUES ('c7c598ee-5f8a-4148-bbfd-792177ccd772', 'Hanoi', 'STUDENT', '2000-01-01', 'cus4@test.com', 'FEMALE', 'Customer 4', '0800000004');
INSERT INTO student_information (customer_id, class_info, faculty, major, student_id) VALUES ('c7c598ee-5f8a-4148-bbfd-792177ccd772', 'Class 4', 'IT', 'SE', 'B20DCCN004');
INSERT INTO vehicle (vehicle_id, brand, color, license_plate, type_id) VALUES ('db43f912-f5ea-4711-9ec4-cb85b55bd8f0', 'Honda', 'Red', '29X1-93560', @scooter_id);
INSERT INTO payment (payment_id, amount, create_at, payment_type) VALUES ('ff65b010-87e7-4ac6-9e49-d703decc0ee1', 150000, DATE_SUB(NOW(), INTERVAL 3 DAY), 'MONTHLY');
INSERT INTO active_monthly_registration (id, expiration_date, issue_date, create_by, customer_id, payment_id, vehicle_id) VALUES ('16f2d630-0b9a-45b4-95a1-60af08a25c07', DATE_ADD(NOW(), INTERVAL 30 DAY), DATE_SUB(NOW(), INTERVAL 5 DAY), @staff_id, 'c7c598ee-5f8a-4148-bbfd-792177ccd772', 'ff65b010-87e7-4ac6-9e49-d703decc0ee1', 'db43f912-f5ea-4711-9ec4-cb85b55bd8f0');
INSERT INTO customer (customer_id, address, customer_type, dob, email, gender, name, phone_number) VALUES ('b76aa490-7959-4fbe-8ae8-a3e230723b59', 'Hanoi', 'LECTURER', '2000-01-01', 'cus5@test.com', 'FEMALE', 'Customer 5', '0800000005');
INSERT INTO lecturer_information (customer_id, lecturer_id) VALUES ('b76aa490-7959-4fbe-8ae8-a3e230723b59', 'GV005');
INSERT INTO vehicle (vehicle_id, brand, color, license_plate, type_id) VALUES ('16178487-4b47-4d91-95e4-bcbb07311538', 'Honda', 'Red', '29X1-92270', @scooter_id);
INSERT INTO payment (payment_id, amount, create_at, payment_type) VALUES ('e776952c-ed62-4bb5-b3ac-2cf04e4344b4', 150000, DATE_SUB(NOW(), INTERVAL 14 DAY), 'MONTHLY');
INSERT INTO active_monthly_registration (id, expiration_date, issue_date, create_by, customer_id, payment_id, vehicle_id) VALUES ('bdb2d066-4850-4330-a4a1-4480462fe3ef', DATE_ADD(NOW(), INTERVAL 30 DAY), DATE_SUB(NOW(), INTERVAL 5 DAY), @staff_id, 'b76aa490-7959-4fbe-8ae8-a3e230723b59', 'e776952c-ed62-4bb5-b3ac-2cf04e4344b4', '16178487-4b47-4d91-95e4-bcbb07311538');
INSERT INTO customer (customer_id, address, customer_type, dob, email, gender, name, phone_number) VALUES ('4fdbe53e-95be-45de-a911-64787f2f99d3', 'Hanoi', 'STUDENT', '2000-01-01', 'cus6@test.com', 'FEMALE', 'Customer 6', '0800000006');
INSERT INTO student_information (customer_id, class_info, faculty, major, student_id) VALUES ('4fdbe53e-95be-45de-a911-64787f2f99d3', 'Class 6', 'IT', 'SE', 'B20DCCN006');
INSERT INTO vehicle (vehicle_id, brand, color, license_plate, type_id) VALUES ('cce374f7-6d1d-4a62-814e-62bde72a8f5f', 'Honda', 'Red', '29X1-63174', @moto_id);
INSERT INTO payment (payment_id, amount, create_at, payment_type) VALUES ('252ab9fa-de1a-47aa-8aa3-0c53ce2b6ee2', 150000, DATE_SUB(NOW(), INTERVAL 19 DAY), 'MONTHLY');
INSERT INTO active_monthly_registration (id, expiration_date, issue_date, create_by, customer_id, payment_id, vehicle_id) VALUES ('50f591d4-86ef-47d9-8855-4749c96453fc', DATE_ADD(NOW(), INTERVAL 30 DAY), DATE_SUB(NOW(), INTERVAL 5 DAY), @staff_id, '4fdbe53e-95be-45de-a911-64787f2f99d3', '252ab9fa-de1a-47aa-8aa3-0c53ce2b6ee2', 'cce374f7-6d1d-4a62-814e-62bde72a8f5f');
INSERT INTO customer (customer_id, address, customer_type, dob, email, gender, name, phone_number) VALUES ('37b845c3-cdfd-4c7a-bd9f-2dacf29ac1b6', 'Hanoi', 'LECTURER', '2000-01-01', 'cus7@test.com', 'FEMALE', 'Customer 7', '0800000007');
INSERT INTO lecturer_information (customer_id, lecturer_id) VALUES ('37b845c3-cdfd-4c7a-bd9f-2dacf29ac1b6', 'GV007');
INSERT INTO vehicle (vehicle_id, brand, color, license_plate, type_id) VALUES ('bb9f6eae-b4ef-4343-a732-2cc887ea599e', 'Honda', 'Red', '29X1-78927', @moto_id);
INSERT INTO payment (payment_id, amount, create_at, payment_type) VALUES ('0aa217a4-9400-4811-bc5e-6b4fd2aa2dd0', 150000, DATE_SUB(NOW(), INTERVAL 19 DAY), 'MONTHLY');
INSERT INTO active_monthly_registration (id, expiration_date, issue_date, create_by, customer_id, payment_id, vehicle_id) VALUES ('39c90327-d85b-446b-b8d3-85aedb2bb21d', DATE_ADD(NOW(), INTERVAL 30 DAY), DATE_SUB(NOW(), INTERVAL 5 DAY), @staff_id, '37b845c3-cdfd-4c7a-bd9f-2dacf29ac1b6', '0aa217a4-9400-4811-bc5e-6b4fd2aa2dd0', 'bb9f6eae-b4ef-4343-a732-2cc887ea599e');
INSERT INTO customer (customer_id, address, customer_type, dob, email, gender, name, phone_number) VALUES ('5aab4afa-690d-41d9-bfd6-b306367507b5', 'Hanoi', 'STUDENT', '2000-01-01', 'cus8@test.com', 'FEMALE', 'Customer 8', '0800000008');
INSERT INTO student_information (customer_id, class_info, faculty, major, student_id) VALUES ('5aab4afa-690d-41d9-bfd6-b306367507b5', 'Class 8', 'IT', 'SE', 'B20DCCN008');
INSERT INTO vehicle (vehicle_id, brand, color, license_plate, type_id) VALUES ('dc46c8a6-e239-4e19-b30a-6e0bf3001f29', 'Honda', 'Red', '29X1-61102', @moto_id);
INSERT INTO payment (payment_id, amount, create_at, payment_type) VALUES ('25c1cf14-922e-4b01-b456-f22dd102334a', 150000, DATE_SUB(NOW(), INTERVAL 15 DAY), 'MONTHLY');
INSERT INTO active_monthly_registration (id, expiration_date, issue_date, create_by, customer_id, payment_id, vehicle_id) VALUES ('2cd3110d-7de6-48ec-bd97-4cdc024430bc', DATE_ADD(NOW(), INTERVAL 30 DAY), DATE_SUB(NOW(), INTERVAL 5 DAY), @staff_id, '5aab4afa-690d-41d9-bfd6-b306367507b5', '25c1cf14-922e-4b01-b456-f22dd102334a', 'dc46c8a6-e239-4e19-b30a-6e0bf3001f29');
INSERT INTO customer (customer_id, address, customer_type, dob, email, gender, name, phone_number) VALUES ('1d06bf00-0fcc-4b7e-9b78-426ef76caec1', 'Hanoi', 'LECTURER', '2000-01-01', 'cus9@test.com', 'FEMALE', 'Customer 9', '0800000009');
INSERT INTO lecturer_information (customer_id, lecturer_id) VALUES ('1d06bf00-0fcc-4b7e-9b78-426ef76caec1', 'GV009');
INSERT INTO vehicle (vehicle_id, brand, color, license_plate, type_id) VALUES ('d21696f1-130d-4609-b470-e84d2d22807e', 'Honda', 'Red', '29X1-30631', @moto_id);
INSERT INTO payment (payment_id, amount, create_at, payment_type) VALUES ('cd2f0b11-9bda-4168-8418-c79c7ccc3c19', 150000, DATE_SUB(NOW(), INTERVAL 2 DAY), 'MONTHLY');
INSERT INTO active_monthly_registration (id, expiration_date, issue_date, create_by, customer_id, payment_id, vehicle_id) VALUES ('d5b5c87b-6fac-44c8-8e4a-2f537c753339', DATE_ADD(NOW(), INTERVAL 30 DAY), DATE_SUB(NOW(), INTERVAL 5 DAY), @staff_id, '1d06bf00-0fcc-4b7e-9b78-426ef76caec1', 'cd2f0b11-9bda-4168-8418-c79c7ccc3c19', 'd21696f1-130d-4609-b470-e84d2d22807e');
INSERT INTO customer (customer_id, address, customer_type, dob, email, gender, name, phone_number) VALUES ('d2ad3f88-17ed-402e-9298-437e47c4d6b1', 'Hanoi', 'STUDENT', '2000-01-01', 'cus10@test.com', 'FEMALE', 'Customer 10', '08000000010');
INSERT INTO student_information (customer_id, class_info, faculty, major, student_id) VALUES ('d2ad3f88-17ed-402e-9298-437e47c4d6b1', 'Class 10', 'IT', 'SE', 'B20DCCN0010');
INSERT INTO vehicle (vehicle_id, brand, color, license_plate, type_id) VALUES ('0f3b73f3-8469-4f61-ae4d-10976d84425c', 'Honda', 'Red', '29X1-95669', @moto_id);
INSERT INTO payment (payment_id, amount, create_at, payment_type) VALUES ('b362bf5f-7a6d-4027-84dc-fba8b17d2945', 150000, DATE_SUB(NOW(), INTERVAL 19 DAY), 'MONTHLY');
INSERT INTO active_monthly_registration (id, expiration_date, issue_date, create_by, customer_id, payment_id, vehicle_id) VALUES ('44ef5b92-af1d-4b8b-a7e6-b09ea4a76657', DATE_ADD(NOW(), INTERVAL 30 DAY), DATE_SUB(NOW(), INTERVAL 5 DAY), @staff_id, 'd2ad3f88-17ed-402e-9298-437e47c4d6b1', 'b362bf5f-7a6d-4027-84dc-fba8b17d2945', '0f3b73f3-8469-4f61-ae4d-10976d84425c');
INSERT INTO payment (payment_id, amount, create_at, payment_type) VALUES ('55eb3677-faca-4254-a201-9a8de256151d', 50000, DATE_SUB(NOW(), INTERVAL 9 HOUR), 'MISSING');
INSERT INTO missing_report (report_id, address, brand, color, create_at, gender, identification, identifier, license_plate, name, phone_number, create_by, payment_id, record_id, vehicle_type) VALUES ('cd769112-5f69-455d-80e6-e1af58c7ec1a', 'Hanoi', 'Yamaha', 'Blue', DATE_SUB(NOW(), INTERVAL 12 HOUR), 'MALE', '001000000001', 'BIKE-MISS-1', NULL, 'Loser 1', '0700000001', @staff_id, '55eb3677-faca-4254-a201-9a8de256151d', NULL, @bike_id);
INSERT INTO payment (payment_id, amount, create_at, payment_type) VALUES ('f3ad3933-1e7b-4ea3-b916-a0b8b192ffe6', 50000, DATE_SUB(NOW(), INTERVAL 21 HOUR), 'MISSING');
INSERT INTO missing_report (report_id, address, brand, color, create_at, gender, identification, identifier, license_plate, name, phone_number, create_by, payment_id, record_id, vehicle_type) VALUES ('52cf9a79-1393-4642-b549-77ceb29a7422', 'Hanoi', 'Yamaha', 'Blue', DATE_SUB(NOW(), INTERVAL 18 HOUR), 'MALE', '001000000002', '29Y1-94159', '29Y1-94159', 'Loser 2', '0700000002', @staff_id, 'f3ad3933-1e7b-4ea3-b916-a0b8b192ffe6', NULL, @scooter_id);
INSERT INTO payment (payment_id, amount, create_at, payment_type) VALUES ('e5a621e2-e138-489a-a422-c8d26f560fb6', 50000, DATE_SUB(NOW(), INTERVAL 12 HOUR), 'MISSING');
INSERT INTO missing_report (report_id, address, brand, color, create_at, gender, identification, identifier, license_plate, name, phone_number, create_by, payment_id, record_id, vehicle_type) VALUES ('03b792ad-eb03-43c9-9eb0-4ed809b83ae7', 'Hanoi', 'Yamaha', 'Blue', DATE_SUB(NOW(), INTERVAL 48 HOUR), 'MALE', '001000000003', 'BIKE-MISS-3', NULL, 'Loser 3', '0700000003', @staff_id, 'e5a621e2-e138-489a-a422-c8d26f560fb6', NULL, @bike_id);
INSERT INTO payment (payment_id, amount, create_at, payment_type) VALUES ('653304ca-7ee1-4f88-886c-b010e9db1b4c', 50000, DATE_SUB(NOW(), INTERVAL 43 HOUR), 'MISSING');
INSERT INTO missing_report (report_id, address, brand, color, create_at, gender, identification, identifier, license_plate, name, phone_number, create_by, payment_id, record_id, vehicle_type) VALUES ('0c5fc7d0-8aa1-4ccf-afd9-650455a51d01', 'Hanoi', 'Yamaha', 'Blue', DATE_SUB(NOW(), INTERVAL 13 HOUR), 'MALE', '001000000004', 'BIKE-MISS-4', NULL, 'Loser 4', '0700000004', @staff_id, '653304ca-7ee1-4f88-886c-b010e9db1b4c', NULL, @bike_id);
INSERT INTO payment (payment_id, amount, create_at, payment_type) VALUES ('db26e418-64e4-4706-b550-9c9dd2c46087', 50000, DATE_SUB(NOW(), INTERVAL 25 HOUR), 'MISSING');
INSERT INTO missing_report (report_id, address, brand, color, create_at, gender, identification, identifier, license_plate, name, phone_number, create_by, payment_id, record_id, vehicle_type) VALUES ('e0e1f7c7-5493-41f4-b34c-198308ee3a0e', 'Hanoi', 'Yamaha', 'Blue', DATE_SUB(NOW(), INTERVAL 8 HOUR), 'MALE', '001000000005', '29Y1-17461', '29Y1-17461', 'Loser 5', '0700000005', @staff_id, 'db26e418-64e4-4706-b550-9c9dd2c46087', NULL, @moto_id);
INSERT INTO payment (payment_id, amount, create_at, payment_type) VALUES ('97f677ef-43db-4439-bf53-2562b8f44d34', 5000, DATE_SUB(NOW(), INTERVAL 11 HOUR), 'PARKING');
INSERT INTO parking_record_history (history_id, card_id, entry_time, exit_time, identifier, license_plate, payment_id, staff_in, staff_out, type, vehicle_type) VALUES ('542137f8-ff7d-46c3-9ca1-7ebea32c5ab9', 599, DATE_SUB(NOW(), INTERVAL 15 HOUR), DATE_SUB(NOW(), INTERVAL 11 HOUR), '29Z1-42604', '29Z1-42604', '97f677ef-43db-4439-bf53-2562b8f44d34', @staff_id, @staff_id, 'DAILY', @scooter_id);
INSERT INTO payment (payment_id, amount, create_at, payment_type) VALUES ('b96bba27-f4f7-427c-adf2-f3a9f7fec75b', 3000, DATE_SUB(NOW(), INTERVAL 33 HOUR), 'PARKING');
INSERT INTO parking_record_history (history_id, card_id, entry_time, exit_time, identifier, license_plate, payment_id, staff_in, staff_out, type, vehicle_type) VALUES ('d0cb9454-a354-4cac-8582-00bc77c67d13', 525, DATE_SUB(NOW(), INTERVAL 40 HOUR), DATE_SUB(NOW(), INTERVAL 33 HOUR), 'BIKE-464', NULL, 'b96bba27-f4f7-427c-adf2-f3a9f7fec75b', @staff_id, @staff_id, 'DAILY', @bike_id);
INSERT INTO payment (payment_id, amount, create_at, payment_type) VALUES ('eefc5393-ddd4-4756-ae01-9493fd58b1ed', 5000, DATE_SUB(NOW(), INTERVAL 18 HOUR), 'PARKING');
INSERT INTO parking_record_history (history_id, card_id, entry_time, exit_time, identifier, license_plate, payment_id, staff_in, staff_out, type, vehicle_type) VALUES ('3c69ac16-8b23-4427-a9bb-55e02d1024b2', 376, DATE_SUB(NOW(), INTERVAL 21 HOUR), DATE_SUB(NOW(), INTERVAL 18 HOUR), '29Z1-24269', '29Z1-24269', 'eefc5393-ddd4-4756-ae01-9493fd58b1ed', @staff_id, @staff_id, 'DAILY', @scooter_id);
INSERT INTO payment (payment_id, amount, create_at, payment_type) VALUES ('3aedb3ae-95d1-4ad9-b9f1-8aed6140a622', 5000, DATE_SUB(NOW(), INTERVAL 61 HOUR), 'PARKING');
INSERT INTO parking_record_history (history_id, card_id, entry_time, exit_time, identifier, license_plate, payment_id, staff_in, staff_out, type, vehicle_type) VALUES ('c2f6eb74-4a72-40b0-bb66-fd0ab57ed461', 302, DATE_SUB(NOW(), INTERVAL 65 HOUR), DATE_SUB(NOW(), INTERVAL 61 HOUR), '29Z1-72068', '29Z1-72068', '3aedb3ae-95d1-4ad9-b9f1-8aed6140a622', @staff_id, @staff_id, 'DAILY', @moto_id);
INSERT INTO payment (payment_id, amount, create_at, payment_type) VALUES ('2229b368-940c-4308-b2dd-dffc71e3754a', 3000, DATE_SUB(NOW(), INTERVAL 52 HOUR), 'PARKING');
INSERT INTO parking_record_history (history_id, card_id, entry_time, exit_time, identifier, license_plate, payment_id, staff_in, staff_out, type, vehicle_type) VALUES ('35472830-ab11-40f9-b407-7e978c662880', 232, DATE_SUB(NOW(), INTERVAL 53 HOUR), DATE_SUB(NOW(), INTERVAL 52 HOUR), 'BIKE-100', NULL, '2229b368-940c-4308-b2dd-dffc71e3754a', @staff_id, @staff_id, 'DAILY', @bike_id);
INSERT INTO payment (payment_id, amount, create_at, payment_type) VALUES ('c2310eb3-ddf5-49d5-a38b-a62bbb23ea8c', 3000, DATE_SUB(NOW(), INTERVAL 41 HOUR), 'PARKING');
INSERT INTO parking_record_history (history_id, card_id, entry_time, exit_time, identifier, license_plate, payment_id, staff_in, staff_out, type, vehicle_type) VALUES ('2cff2f26-86fc-4b65-b50d-2b429dd65d44', 319, DATE_SUB(NOW(), INTERVAL 51 HOUR), DATE_SUB(NOW(), INTERVAL 41 HOUR), '29Z1-92748', '29Z1-92748', 'c2310eb3-ddf5-49d5-a38b-a62bbb23ea8c', @staff_id, @staff_id, 'DAILY', @moto_id);
INSERT INTO payment (payment_id, amount, create_at, payment_type) VALUES ('41247015-8157-4fc2-81c6-ce33ad1f8794', 3000, DATE_SUB(NOW(), INTERVAL 65 HOUR), 'PARKING');
INSERT INTO parking_record_history (history_id, card_id, entry_time, exit_time, identifier, license_plate, payment_id, staff_in, staff_out, type, vehicle_type) VALUES ('c04b73ff-c4b5-4d02-a794-bef7407c0bc6', 802, DATE_SUB(NOW(), INTERVAL 71 HOUR), DATE_SUB(NOW(), INTERVAL 65 HOUR), '29Z1-68576', '29Z1-68576', '41247015-8157-4fc2-81c6-ce33ad1f8794', @staff_id, @staff_id, 'DAILY', @moto_id);
INSERT INTO payment (payment_id, amount, create_at, payment_type) VALUES ('2fe8ea6e-642b-47cb-b3a0-680127885e43', 10000, DATE_SUB(NOW(), INTERVAL 39 HOUR), 'PARKING');
INSERT INTO parking_record_history (history_id, card_id, entry_time, exit_time, identifier, license_plate, payment_id, staff_in, staff_out, type, vehicle_type) VALUES ('994745b7-931b-4e31-b30a-d09774c992a0', 242, DATE_SUB(NOW(), INTERVAL 42 HOUR), DATE_SUB(NOW(), INTERVAL 39 HOUR), '29Z1-62511', '29Z1-62511', '2fe8ea6e-642b-47cb-b3a0-680127885e43', @staff_id, @staff_id, 'DAILY', @moto_id);
INSERT INTO payment (payment_id, amount, create_at, payment_type) VALUES ('c55b3e70-ef7f-4298-ab60-bb4ad30fd772', 10000, DATE_SUB(NOW(), INTERVAL 24 HOUR), 'PARKING');
INSERT INTO parking_record_history (history_id, card_id, entry_time, exit_time, identifier, license_plate, payment_id, staff_in, staff_out, type, vehicle_type) VALUES ('7f92f185-4b73-4699-93ab-25a6ef84559e', 568, DATE_SUB(NOW(), INTERVAL 26 HOUR), DATE_SUB(NOW(), INTERVAL 24 HOUR), 'BIKE-628', NULL, 'c55b3e70-ef7f-4298-ab60-bb4ad30fd772', @staff_id, @staff_id, 'DAILY', @bike_id);
INSERT INTO payment (payment_id, amount, create_at, payment_type) VALUES ('60fcc5f7-ecb2-4460-8041-8b14625cc90e', 10000, DATE_SUB(NOW(), INTERVAL 43 HOUR), 'PARKING');
INSERT INTO parking_record_history (history_id, card_id, entry_time, exit_time, identifier, license_plate, payment_id, staff_in, staff_out, type, vehicle_type) VALUES ('c6aa715b-5b20-42d9-8aaa-43d6116c6546', 853, DATE_SUB(NOW(), INTERVAL 48 HOUR), DATE_SUB(NOW(), INTERVAL 43 HOUR), '29Z1-79264', '29Z1-79264', '60fcc5f7-ecb2-4460-8041-8b14625cc90e', @staff_id, @staff_id, 'DAILY', @moto_id);
INSERT INTO payment (payment_id, amount, create_at, payment_type) VALUES ('e3e8c8cf-14bc-4648-be4b-ce83acc0efcc', 5000, DATE_SUB(NOW(), INTERVAL 50 HOUR), 'PARKING');
INSERT INTO parking_record_history (history_id, card_id, entry_time, exit_time, identifier, license_plate, payment_id, staff_in, staff_out, type, vehicle_type) VALUES ('0d93ba9b-456b-4df0-9ec9-e6a5deb65f50', 832, DATE_SUB(NOW(), INTERVAL 60 HOUR), DATE_SUB(NOW(), INTERVAL 50 HOUR), 'BIKE-419', NULL, 'e3e8c8cf-14bc-4648-be4b-ce83acc0efcc', @staff_id, @staff_id, 'DAILY', @bike_id);
INSERT INTO payment (payment_id, amount, create_at, payment_type) VALUES ('26160a6d-b272-4b76-8e52-a97a9e5c8b27', 5000, DATE_SUB(NOW(), INTERVAL 47 HOUR), 'PARKING');
INSERT INTO parking_record_history (history_id, card_id, entry_time, exit_time, identifier, license_plate, payment_id, staff_in, staff_out, type, vehicle_type) VALUES ('308cd109-a5cf-4808-b720-15f55bc570b2', 720, DATE_SUB(NOW(), INTERVAL 54 HOUR), DATE_SUB(NOW(), INTERVAL 47 HOUR), '29Z1-81765', '29Z1-81765', '26160a6d-b272-4b76-8e52-a97a9e5c8b27', @staff_id, @staff_id, 'DAILY', @moto_id);
INSERT INTO payment (payment_id, amount, create_at, payment_type) VALUES ('bc5da65e-4fbd-4aee-b893-454d9365bbeb', 5000, DATE_SUB(NOW(), INTERVAL 8 HOUR), 'PARKING');
INSERT INTO parking_record_history (history_id, card_id, entry_time, exit_time, identifier, license_plate, payment_id, staff_in, staff_out, type, vehicle_type) VALUES ('87dc3654-20cf-4aab-8b84-ce3d114b89cb', 793, DATE_SUB(NOW(), INTERVAL 18 HOUR), DATE_SUB(NOW(), INTERVAL 8 HOUR), '29Z1-15201', '29Z1-15201', 'bc5da65e-4fbd-4aee-b893-454d9365bbeb', @staff_id, @staff_id, 'DAILY', @scooter_id);
INSERT INTO payment (payment_id, amount, create_at, payment_type) VALUES ('74ecb90c-2e23-4587-b1d7-593a6a12f89a', 5000, DATE_SUB(NOW(), INTERVAL 28 HOUR), 'PARKING');
INSERT INTO parking_record_history (history_id, card_id, entry_time, exit_time, identifier, license_plate, payment_id, staff_in, staff_out, type, vehicle_type) VALUES ('5c7ae69c-b937-45ee-a55b-8c10691e4a0d', 250, DATE_SUB(NOW(), INTERVAL 29 HOUR), DATE_SUB(NOW(), INTERVAL 28 HOUR), '29Z1-32346', '29Z1-32346', '74ecb90c-2e23-4587-b1d7-593a6a12f89a', @staff_id, @staff_id, 'DAILY', @moto_id);
INSERT INTO payment (payment_id, amount, create_at, payment_type) VALUES ('7c056f3e-0e45-42ef-aa24-f6a32afccf30', 10000, DATE_SUB(NOW(), INTERVAL 43 HOUR), 'PARKING');
INSERT INTO parking_record_history (history_id, card_id, entry_time, exit_time, identifier, license_plate, payment_id, staff_in, staff_out, type, vehicle_type) VALUES ('8c4f69e5-e1c9-45ed-92bd-3955e5de3e0d', 254, DATE_SUB(NOW(), INTERVAL 47 HOUR), DATE_SUB(NOW(), INTERVAL 43 HOUR), '29Z1-26586', '29Z1-26586', '7c056f3e-0e45-42ef-aa24-f6a32afccf30', @staff_id, @staff_id, 'DAILY', @moto_id);
INSERT INTO payment (payment_id, amount, create_at, payment_type) VALUES ('26e2b9b7-5110-459b-b487-46d75cca9ad5', 3000, DATE_SUB(NOW(), INTERVAL 6 HOUR), 'PARKING');
INSERT INTO parking_record_history (history_id, card_id, entry_time, exit_time, identifier, license_plate, payment_id, staff_in, staff_out, type, vehicle_type) VALUES ('3fe20179-5781-4da2-bf06-226e791dbe1f', 879, DATE_SUB(NOW(), INTERVAL 9 HOUR), DATE_SUB(NOW(), INTERVAL 6 HOUR), '29Z1-32072', '29Z1-32072', '26e2b9b7-5110-459b-b487-46d75cca9ad5', @staff_id, @staff_id, 'DAILY', @moto_id);
INSERT INTO payment (payment_id, amount, create_at, payment_type) VALUES ('e3d61d48-abbc-42c5-9fd9-88aa0cfb7e9d', 10000, DATE_SUB(NOW(), INTERVAL 63 HOUR), 'PARKING');
INSERT INTO parking_record_history (history_id, card_id, entry_time, exit_time, identifier, license_plate, payment_id, staff_in, staff_out, type, vehicle_type) VALUES ('fe04087f-4136-44ed-afa0-ba30e570eb62', 229, DATE_SUB(NOW(), INTERVAL 70 HOUR), DATE_SUB(NOW(), INTERVAL 63 HOUR), '29Z1-38764', '29Z1-38764', 'e3d61d48-abbc-42c5-9fd9-88aa0cfb7e9d', @staff_id, @staff_id, 'DAILY', @scooter_id);
INSERT INTO payment (payment_id, amount, create_at, payment_type) VALUES ('1d56c035-cb5b-4d5c-89a0-2d3da888880d', 5000, DATE_SUB(NOW(), INTERVAL 58 HOUR), 'PARKING');
INSERT INTO parking_record_history (history_id, card_id, entry_time, exit_time, identifier, license_plate, payment_id, staff_in, staff_out, type, vehicle_type) VALUES ('6cbb5d8d-f93f-4ebe-ae9e-dc5c1cc92a0b', 791, DATE_SUB(NOW(), INTERVAL 59 HOUR), DATE_SUB(NOW(), INTERVAL 58 HOUR), '29Z1-34226', '29Z1-34226', '1d56c035-cb5b-4d5c-89a0-2d3da888880d', @staff_id, @staff_id, 'DAILY', @scooter_id);
INSERT INTO payment (payment_id, amount, create_at, payment_type) VALUES ('fbd2ebc1-8216-4140-8f00-368da92f148c', 5000, DATE_SUB(NOW(), INTERVAL 48 HOUR), 'PARKING');
INSERT INTO parking_record_history (history_id, card_id, entry_time, exit_time, identifier, license_plate, payment_id, staff_in, staff_out, type, vehicle_type) VALUES ('bc4dbdfb-804c-4e3a-a2d0-bd7e8fac826a', 428, DATE_SUB(NOW(), INTERVAL 49 HOUR), DATE_SUB(NOW(), INTERVAL 48 HOUR), 'BIKE-459', NULL, 'fbd2ebc1-8216-4140-8f00-368da92f148c', @staff_id, @staff_id, 'DAILY', @bike_id);
INSERT INTO payment (payment_id, amount, create_at, payment_type) VALUES ('f16cc571-2262-4144-a49a-972501f8d470', 3000, DATE_SUB(NOW(), INTERVAL 29 HOUR), 'PARKING');
INSERT INTO parking_record_history (history_id, card_id, entry_time, exit_time, identifier, license_plate, payment_id, staff_in, staff_out, type, vehicle_type) VALUES ('821f1b56-63a2-4d34-ac36-00b6ec9e3c29', 813, DATE_SUB(NOW(), INTERVAL 32 HOUR), DATE_SUB(NOW(), INTERVAL 29 HOUR), 'BIKE-133', NULL, 'f16cc571-2262-4144-a49a-972501f8d470', @staff_id, @staff_id, 'DAILY', @bike_id);
INSERT INTO payment (payment_id, amount, create_at, payment_type) VALUES ('3aef68f6-4e2c-45bb-97a4-21285410d660', 3000, DATE_SUB(NOW(), INTERVAL 36 HOUR), 'PARKING');
INSERT INTO parking_record_history (history_id, card_id, entry_time, exit_time, identifier, license_plate, payment_id, staff_in, staff_out, type, vehicle_type) VALUES ('c1122a4f-59cb-4722-9147-38075395531d', 362, DATE_SUB(NOW(), INTERVAL 44 HOUR), DATE_SUB(NOW(), INTERVAL 36 HOUR), '29Z1-70471', '29Z1-70471', '3aef68f6-4e2c-45bb-97a4-21285410d660', @staff_id, @staff_id, 'DAILY', @scooter_id);
INSERT INTO payment (payment_id, amount, create_at, payment_type) VALUES ('4e5aca4b-29d4-43aa-85c1-e12eed9c3c5e', 10000, DATE_SUB(NOW(), INTERVAL 22 HOUR), 'PARKING');
INSERT INTO parking_record_history (history_id, card_id, entry_time, exit_time, identifier, license_plate, payment_id, staff_in, staff_out, type, vehicle_type) VALUES ('bac0ced7-b1c6-4d8f-b19e-4c23c80339f7', 607, DATE_SUB(NOW(), INTERVAL 26 HOUR), DATE_SUB(NOW(), INTERVAL 22 HOUR), '29Z1-26905', '29Z1-26905', '4e5aca4b-29d4-43aa-85c1-e12eed9c3c5e', @staff_id, @staff_id, 'DAILY', @moto_id);
INSERT INTO payment (payment_id, amount, create_at, payment_type) VALUES ('182515e2-f898-4b46-9d8e-51649bb3f3bc', 3000, DATE_SUB(NOW(), INTERVAL 63 HOUR), 'PARKING');
INSERT INTO parking_record_history (history_id, card_id, entry_time, exit_time, identifier, license_plate, payment_id, staff_in, staff_out, type, vehicle_type) VALUES ('772e245f-6eab-46e5-a077-cefce7da207c', 849, DATE_SUB(NOW(), INTERVAL 64 HOUR), DATE_SUB(NOW(), INTERVAL 63 HOUR), '29Z1-10830', '29Z1-10830', '182515e2-f898-4b46-9d8e-51649bb3f3bc', @staff_id, @staff_id, 'DAILY', @scooter_id);
INSERT INTO payment (payment_id, amount, create_at, payment_type) VALUES ('808b1eb6-f2ed-4954-ac04-9a2757ff5630', 10000, DATE_SUB(NOW(), INTERVAL 70 HOUR), 'PARKING');
INSERT INTO parking_record_history (history_id, card_id, entry_time, exit_time, identifier, license_plate, payment_id, staff_in, staff_out, type, vehicle_type) VALUES ('e4b3511e-39cc-45e3-9aa2-5f4646d30615', 738, DATE_SUB(NOW(), INTERVAL 80 HOUR), DATE_SUB(NOW(), INTERVAL 70 HOUR), 'BIKE-503', NULL, '808b1eb6-f2ed-4954-ac04-9a2757ff5630', @staff_id, @staff_id, 'DAILY', @bike_id);
INSERT INTO payment (payment_id, amount, create_at, payment_type) VALUES ('25a31a38-1310-4890-bddb-67f0510d0727', 3000, DATE_SUB(NOW(), INTERVAL 18 HOUR), 'PARKING');
INSERT INTO parking_record_history (history_id, card_id, entry_time, exit_time, identifier, license_plate, payment_id, staff_in, staff_out, type, vehicle_type) VALUES ('034fd2c7-026f-43b3-b80f-80a0b7105407', 555, DATE_SUB(NOW(), INTERVAL 23 HOUR), DATE_SUB(NOW(), INTERVAL 18 HOUR), '29Z1-58019', '29Z1-58019', '25a31a38-1310-4890-bddb-67f0510d0727', @staff_id, @staff_id, 'DAILY', @scooter_id);
INSERT INTO payment (payment_id, amount, create_at, payment_type) VALUES ('6914e425-8ea4-4bd6-988d-2b53f7f14079', 5000, DATE_SUB(NOW(), INTERVAL 48 HOUR), 'PARKING');
INSERT INTO parking_record_history (history_id, card_id, entry_time, exit_time, identifier, license_plate, payment_id, staff_in, staff_out, type, vehicle_type) VALUES ('111bb6b8-72b8-45bd-9e36-da90c6b7141c', 577, DATE_SUB(NOW(), INTERVAL 57 HOUR), DATE_SUB(NOW(), INTERVAL 48 HOUR), 'BIKE-659', NULL, '6914e425-8ea4-4bd6-988d-2b53f7f14079', @staff_id, @staff_id, 'DAILY', @bike_id);
INSERT INTO payment (payment_id, amount, create_at, payment_type) VALUES ('0aebf7e9-af70-4abb-84f3-572029d0c11a', 10000, DATE_SUB(NOW(), INTERVAL 23 HOUR), 'PARKING');
INSERT INTO parking_record_history (history_id, card_id, entry_time, exit_time, identifier, license_plate, payment_id, staff_in, staff_out, type, vehicle_type) VALUES ('eb13ee51-2918-43e5-9498-bf0b79e6feb1', 637, DATE_SUB(NOW(), INTERVAL 27 HOUR), DATE_SUB(NOW(), INTERVAL 23 HOUR), '29Z1-41643', '29Z1-41643', '0aebf7e9-af70-4abb-84f3-572029d0c11a', @staff_id, @staff_id, 'DAILY', @scooter_id);
INSERT INTO payment (payment_id, amount, create_at, payment_type) VALUES ('ab559fd7-70ab-440d-8fb4-1c0f73ba98fe', 5000, DATE_SUB(NOW(), INTERVAL 62 HOUR), 'PARKING');
INSERT INTO parking_record_history (history_id, card_id, entry_time, exit_time, identifier, license_plate, payment_id, staff_in, staff_out, type, vehicle_type) VALUES ('5e48c543-e39e-4987-8af3-9052efe34dc8', 220, DATE_SUB(NOW(), INTERVAL 68 HOUR), DATE_SUB(NOW(), INTERVAL 62 HOUR), '29Z1-14678', '29Z1-14678', 'ab559fd7-70ab-440d-8fb4-1c0f73ba98fe', @staff_id, @staff_id, 'DAILY', @scooter_id);
INSERT INTO payment (payment_id, amount, create_at, payment_type) VALUES ('d3453a7a-4d22-4c9e-97a6-dba30fa70644', 5000, DATE_SUB(NOW(), INTERVAL 57 HOUR), 'PARKING');
INSERT INTO parking_record_history (history_id, card_id, entry_time, exit_time, identifier, license_plate, payment_id, staff_in, staff_out, type, vehicle_type) VALUES ('8d3dc959-d658-4136-bb65-2187d1421b38', 638, DATE_SUB(NOW(), INTERVAL 62 HOUR), DATE_SUB(NOW(), INTERVAL 57 HOUR), '29Z1-25204', '29Z1-25204', 'd3453a7a-4d22-4c9e-97a6-dba30fa70644', @staff_id, @staff_id, 'DAILY', @scooter_id);
INSERT INTO payment (payment_id, amount, create_at, payment_type) VALUES ('3c791f73-6d82-4aba-8d53-0501532d4028', 3000, DATE_SUB(NOW(), INTERVAL 1 HOUR), 'PARKING');
INSERT INTO parking_record_history (history_id, card_id, entry_time, exit_time, identifier, license_plate, payment_id, staff_in, staff_out, type, vehicle_type) VALUES ('b6f0e9f2-e17c-4397-b749-ddad4d9be51a', 287, DATE_SUB(NOW(), INTERVAL 2 HOUR), DATE_SUB(NOW(), INTERVAL 1 HOUR), '29Z1-93781', '29Z1-93781', '3c791f73-6d82-4aba-8d53-0501532d4028', @staff_id, @staff_id, 'DAILY', @scooter_id);
INSERT INTO payment (payment_id, amount, create_at, payment_type) VALUES ('c0c19d5b-e0c9-407e-92ca-d8229d33ae8f', 5000, DATE_SUB(NOW(), INTERVAL 55 HOUR), 'PARKING');
INSERT INTO parking_record_history (history_id, card_id, entry_time, exit_time, identifier, license_plate, payment_id, staff_in, staff_out, type, vehicle_type) VALUES ('e4c3441d-fd01-4213-99ff-f48baaab3701', 370, DATE_SUB(NOW(), INTERVAL 63 HOUR), DATE_SUB(NOW(), INTERVAL 55 HOUR), '29Z1-25641', '29Z1-25641', 'c0c19d5b-e0c9-407e-92ca-d8229d33ae8f', @staff_id, @staff_id, 'DAILY', @moto_id);
INSERT INTO payment (payment_id, amount, create_at, payment_type) VALUES ('4cf25db7-75dd-4d3d-9902-50e78adad059', 3000, DATE_SUB(NOW(), INTERVAL 10 HOUR), 'PARKING');
INSERT INTO parking_record_history (history_id, card_id, entry_time, exit_time, identifier, license_plate, payment_id, staff_in, staff_out, type, vehicle_type) VALUES ('d26e990d-f76c-49fc-a9ce-a753ee9dc8c1', 101, DATE_SUB(NOW(), INTERVAL 15 HOUR), DATE_SUB(NOW(), INTERVAL 10 HOUR), 'BIKE-743', NULL, '4cf25db7-75dd-4d3d-9902-50e78adad059', @staff_id, @staff_id, 'DAILY', @bike_id);
INSERT INTO payment (payment_id, amount, create_at, payment_type) VALUES ('5d5d516c-80dd-432b-bf46-264e5d37a27e', 10000, DATE_SUB(NOW(), INTERVAL 67 HOUR), 'PARKING');
INSERT INTO parking_record_history (history_id, card_id, entry_time, exit_time, identifier, license_plate, payment_id, staff_in, staff_out, type, vehicle_type) VALUES ('8661052d-4e69-492c-be9d-3f27fabc8e9d', 453, DATE_SUB(NOW(), INTERVAL 76 HOUR), DATE_SUB(NOW(), INTERVAL 67 HOUR), '29Z1-21581', '29Z1-21581', '5d5d516c-80dd-432b-bf46-264e5d37a27e', @staff_id, @staff_id, 'DAILY', @scooter_id);
INSERT INTO payment (payment_id, amount, create_at, payment_type) VALUES ('0efee5d0-823b-4cb6-9216-893a25a5bf47', 10000, DATE_SUB(NOW(), INTERVAL 1 HOUR), 'PARKING');
INSERT INTO parking_record_history (history_id, card_id, entry_time, exit_time, identifier, license_plate, payment_id, staff_in, staff_out, type, vehicle_type) VALUES ('984cd0a0-1810-4a6a-894c-bd33d5b31f83', 312, DATE_SUB(NOW(), INTERVAL 5 HOUR), DATE_SUB(NOW(), INTERVAL 1 HOUR), '29Z1-66648', '29Z1-66648', '0efee5d0-823b-4cb6-9216-893a25a5bf47', @staff_id, @staff_id, 'DAILY', @moto_id);
INSERT INTO payment (payment_id, amount, create_at, payment_type) VALUES ('c44fcf7c-5168-4dbf-894c-b9ebf77a17d3', 5000, DATE_SUB(NOW(), INTERVAL 49 HOUR), 'PARKING');
INSERT INTO parking_record_history (history_id, card_id, entry_time, exit_time, identifier, license_plate, payment_id, staff_in, staff_out, type, vehicle_type) VALUES ('da53302e-1635-4acf-9e41-d1d9bf541f2d', 134, DATE_SUB(NOW(), INTERVAL 55 HOUR), DATE_SUB(NOW(), INTERVAL 49 HOUR), 'BIKE-481', NULL, 'c44fcf7c-5168-4dbf-894c-b9ebf77a17d3', @staff_id, @staff_id, 'DAILY', @bike_id);
INSERT INTO payment (payment_id, amount, create_at, payment_type) VALUES ('53c254a8-80ed-46e9-aa29-9fda026b75b8', 3000, DATE_SUB(NOW(), INTERVAL 17 HOUR), 'PARKING');
INSERT INTO parking_record_history (history_id, card_id, entry_time, exit_time, identifier, license_plate, payment_id, staff_in, staff_out, type, vehicle_type) VALUES ('c20349bc-a1da-49a7-8288-921a19b505b5', 409, DATE_SUB(NOW(), INTERVAL 19 HOUR), DATE_SUB(NOW(), INTERVAL 17 HOUR), '29Z1-59126', '29Z1-59126', '53c254a8-80ed-46e9-aa29-9fda026b75b8', @staff_id, @staff_id, 'DAILY', @scooter_id);
INSERT INTO payment (payment_id, amount, create_at, payment_type) VALUES ('95bed92c-c1df-4fe9-ae5c-24e4df98714e', 10000, DATE_SUB(NOW(), INTERVAL 1 HOUR), 'PARKING');
INSERT INTO parking_record_history (history_id, card_id, entry_time, exit_time, identifier, license_plate, payment_id, staff_in, staff_out, type, vehicle_type) VALUES ('0031357f-59ce-4a05-b1c1-940642cbc197', 373, DATE_SUB(NOW(), INTERVAL 4 HOUR), DATE_SUB(NOW(), INTERVAL 1 HOUR), '29Z1-95986', '29Z1-95986', '95bed92c-c1df-4fe9-ae5c-24e4df98714e', @staff_id, @staff_id, 'DAILY', @moto_id);
INSERT INTO payment (payment_id, amount, create_at, payment_type) VALUES ('3fffd0ec-015d-4577-8d12-66cf4ef43ed9', 10000, DATE_SUB(NOW(), INTERVAL 43 HOUR), 'PARKING');
INSERT INTO parking_record_history (history_id, card_id, entry_time, exit_time, identifier, license_plate, payment_id, staff_in, staff_out, type, vehicle_type) VALUES ('405c13e7-f191-4183-aaf1-cd0dc7d14178', 645, DATE_SUB(NOW(), INTERVAL 44 HOUR), DATE_SUB(NOW(), INTERVAL 43 HOUR), 'BIKE-455', NULL, '3fffd0ec-015d-4577-8d12-66cf4ef43ed9', @staff_id, @staff_id, 'DAILY', @bike_id);
INSERT INTO payment (payment_id, amount, create_at, payment_type) VALUES ('5191b642-6c88-4ca8-9110-1928afe3fbaf', 3000, DATE_SUB(NOW(), INTERVAL 43 HOUR), 'PARKING');
INSERT INTO parking_record_history (history_id, card_id, entry_time, exit_time, identifier, license_plate, payment_id, staff_in, staff_out, type, vehicle_type) VALUES ('99717b95-52ce-4be9-98e0-8c277cf0fefd', 340, DATE_SUB(NOW(), INTERVAL 51 HOUR), DATE_SUB(NOW(), INTERVAL 43 HOUR), 'BIKE-110', NULL, '5191b642-6c88-4ca8-9110-1928afe3fbaf', @staff_id, @staff_id, 'DAILY', @bike_id);
INSERT INTO payment (payment_id, amount, create_at, payment_type) VALUES ('b1296c47-8e62-4838-a1bb-640266c39eca', 5000, DATE_SUB(NOW(), INTERVAL 60 HOUR), 'PARKING');
INSERT INTO parking_record_history (history_id, card_id, entry_time, exit_time, identifier, license_plate, payment_id, staff_in, staff_out, type, vehicle_type) VALUES ('59d7cc33-8c3b-488d-9867-3f65f3e7e04e', 655, DATE_SUB(NOW(), INTERVAL 65 HOUR), DATE_SUB(NOW(), INTERVAL 60 HOUR), '29Z1-75302', '29Z1-75302', 'b1296c47-8e62-4838-a1bb-640266c39eca', @staff_id, @staff_id, 'DAILY', @moto_id);
INSERT INTO payment (payment_id, amount, create_at, payment_type) VALUES ('842c01b9-9eb0-49dd-ab79-905da7e80d07', 10000, DATE_SUB(NOW(), INTERVAL 48 HOUR), 'PARKING');
INSERT INTO parking_record_history (history_id, card_id, entry_time, exit_time, identifier, license_plate, payment_id, staff_in, staff_out, type, vehicle_type) VALUES ('cecc9622-1e0e-4647-b47a-e9d91b86b7d8', 204, DATE_SUB(NOW(), INTERVAL 57 HOUR), DATE_SUB(NOW(), INTERVAL 48 HOUR), '29Z1-92743', '29Z1-92743', '842c01b9-9eb0-49dd-ab79-905da7e80d07', @staff_id, @staff_id, 'DAILY', @moto_id);
INSERT INTO payment (payment_id, amount, create_at, payment_type) VALUES ('0a7d6c3b-92de-4214-97de-ddd54a389d4f', 5000, DATE_SUB(NOW(), INTERVAL 47 HOUR), 'PARKING');
INSERT INTO parking_record_history (history_id, card_id, entry_time, exit_time, identifier, license_plate, payment_id, staff_in, staff_out, type, vehicle_type) VALUES ('b933ed90-f4e8-4eed-824e-a06c2087180e', 644, DATE_SUB(NOW(), INTERVAL 57 HOUR), DATE_SUB(NOW(), INTERVAL 47 HOUR), '29Z1-57611', '29Z1-57611', '0a7d6c3b-92de-4214-97de-ddd54a389d4f', @staff_id, @staff_id, 'DAILY', @moto_id);
INSERT INTO payment (payment_id, amount, create_at, payment_type) VALUES ('af1eec28-a331-4e48-a268-74f32199a82b', 5000, DATE_SUB(NOW(), INTERVAL 54 HOUR), 'PARKING');
INSERT INTO parking_record_history (history_id, card_id, entry_time, exit_time, identifier, license_plate, payment_id, staff_in, staff_out, type, vehicle_type) VALUES ('be07fa28-d844-40cd-8d0c-007dcc0ebd6e', 158, DATE_SUB(NOW(), INTERVAL 56 HOUR), DATE_SUB(NOW(), INTERVAL 54 HOUR), 'BIKE-695', NULL, 'af1eec28-a331-4e48-a268-74f32199a82b', @staff_id, @staff_id, 'DAILY', @bike_id);
INSERT INTO payment (payment_id, amount, create_at, payment_type) VALUES ('1edf4048-cc1f-4a8e-ad00-12697cf5c871', 3000, DATE_SUB(NOW(), INTERVAL 40 HOUR), 'PARKING');
INSERT INTO parking_record_history (history_id, card_id, entry_time, exit_time, identifier, license_plate, payment_id, staff_in, staff_out, type, vehicle_type) VALUES ('92b6696e-dbed-4c30-9347-aa63120d9a0f', 464, DATE_SUB(NOW(), INTERVAL 42 HOUR), DATE_SUB(NOW(), INTERVAL 40 HOUR), '29Z1-82275', '29Z1-82275', '1edf4048-cc1f-4a8e-ad00-12697cf5c871', @staff_id, @staff_id, 'DAILY', @moto_id);
INSERT INTO payment (payment_id, amount, create_at, payment_type) VALUES ('145eaaef-dcb4-4af5-97a1-91ec76872a63', 3000, DATE_SUB(NOW(), INTERVAL 65 HOUR), 'PARKING');
INSERT INTO parking_record_history (history_id, card_id, entry_time, exit_time, identifier, license_plate, payment_id, staff_in, staff_out, type, vehicle_type) VALUES ('4f7d34e8-c32b-41ce-a81d-e4a75957fadc', 609, DATE_SUB(NOW(), INTERVAL 73 HOUR), DATE_SUB(NOW(), INTERVAL 65 HOUR), '29Z1-16679', '29Z1-16679', '145eaaef-dcb4-4af5-97a1-91ec76872a63', @staff_id, @staff_id, 'DAILY', @scooter_id);
INSERT INTO payment (payment_id, amount, create_at, payment_type) VALUES ('ec167ccf-8472-478f-bef9-eb893dafdcb4', 5000, DATE_SUB(NOW(), INTERVAL 55 HOUR), 'PARKING');
INSERT INTO parking_record_history (history_id, card_id, entry_time, exit_time, identifier, license_plate, payment_id, staff_in, staff_out, type, vehicle_type) VALUES ('2ca3af3c-9239-43f1-8dcb-3d7bc0847a6d', 266, DATE_SUB(NOW(), INTERVAL 63 HOUR), DATE_SUB(NOW(), INTERVAL 55 HOUR), '29Z1-29057', '29Z1-29057', 'ec167ccf-8472-478f-bef9-eb893dafdcb4', @staff_id, @staff_id, 'DAILY', @scooter_id);
INSERT INTO payment (payment_id, amount, create_at, payment_type) VALUES ('b9b8022a-b000-48a3-ad42-243f9364afbe', 10000, DATE_SUB(NOW(), INTERVAL 72 HOUR), 'PARKING');
INSERT INTO parking_record_history (history_id, card_id, entry_time, exit_time, identifier, license_plate, payment_id, staff_in, staff_out, type, vehicle_type) VALUES ('72b41921-3311-480a-ba52-605d634ac265', 570, DATE_SUB(NOW(), INTERVAL 77 HOUR), DATE_SUB(NOW(), INTERVAL 72 HOUR), '29Z1-60276', '29Z1-60276', 'b9b8022a-b000-48a3-ad42-243f9364afbe', @staff_id, @staff_id, 'DAILY', @scooter_id);
INSERT INTO payment (payment_id, amount, create_at, payment_type) VALUES ('5ebdde5f-432e-4ddd-8660-fd132b0bcdf9', 3000, DATE_SUB(NOW(), INTERVAL 63 HOUR), 'PARKING');
INSERT INTO parking_record_history (history_id, card_id, entry_time, exit_time, identifier, license_plate, payment_id, staff_in, staff_out, type, vehicle_type) VALUES ('a7a21cde-6a58-453a-95de-dda0346d79f4', 568, DATE_SUB(NOW(), INTERVAL 72 HOUR), DATE_SUB(NOW(), INTERVAL 63 HOUR), '29Z1-67541', '29Z1-67541', '5ebdde5f-432e-4ddd-8660-fd132b0bcdf9', @staff_id, @staff_id, 'DAILY', @moto_id);
INSERT INTO payment (payment_id, amount, create_at, payment_type) VALUES ('1d28fc1a-5a54-4ad6-91dc-de022aa6580d', 5000, DATE_SUB(NOW(), INTERVAL 37 HOUR), 'PARKING');
INSERT INTO parking_record_history (history_id, card_id, entry_time, exit_time, identifier, license_plate, payment_id, staff_in, staff_out, type, vehicle_type) VALUES ('0f8becdc-f141-4f6e-a9fa-11a610debe8b', 811, DATE_SUB(NOW(), INTERVAL 47 HOUR), DATE_SUB(NOW(), INTERVAL 37 HOUR), '29Z1-84152', '29Z1-84152', '1d28fc1a-5a54-4ad6-91dc-de022aa6580d', @staff_id, @staff_id, 'DAILY', @moto_id);
INSERT INTO payment (payment_id, amount, create_at, payment_type) VALUES ('f7b13ebd-7aa7-466a-869a-a728f525bd42', 10000, DATE_SUB(NOW(), INTERVAL 30 HOUR), 'PARKING');
INSERT INTO parking_record_history (history_id, card_id, entry_time, exit_time, identifier, license_plate, payment_id, staff_in, staff_out, type, vehicle_type) VALUES ('9088ece4-0fe2-4333-8af9-3a43a19727f8', 614, DATE_SUB(NOW(), INTERVAL 38 HOUR), DATE_SUB(NOW(), INTERVAL 30 HOUR), '29Z1-61656', '29Z1-61656', 'f7b13ebd-7aa7-466a-869a-a728f525bd42', @staff_id, @staff_id, 'DAILY', @moto_id);
